split,image_path,label_path,class_id,class_name,x_center,y_center,bbox_w,bbox_h,bbox_area,bbox_aspect_ratio,brightness,contrast
train,C:\Users\Ansagan\Documents\Ansagan\Ansagan\dataset\images\train\basty_1.jpg,C:\Users\Ansagan\Documents\Ansagan\Ansagan\dataset\labels\train\basty_1.txt,2,basty,0.252344,0.535156,0.235937,0.314063,0.074099082031,0.7512409930491654,145.6053369140625,79.65897977885464
train,C:\Users\Ansagan\Documents\Ansagan\Ansagan\dataset\images\train\basty_10.jpg,C:\Users\Ansagan\Documents\Ansagan\Ansagan\dataset\labels\train\basty_10.txt,2,basty,0.405469,0.188281,0.282813,0.373437,0.105612838281,0.757324528635352,140.04150634765625,76.03884045146647
train,C:\Users\Ansagan\Documents\Ansagan\Ansagan\dataset\images\train\basty_100.jpg,C:\Users\Ansagan\Documents\Ansagan\Ansagan\dataset\labels\train\basty_100.txt,2,basty,0.834375,0.204687,0.253125,0.340625,0.08622070312499999,0.7431192660550459,116.38802978515625,82.07705299708691
train,C:\Users\Ansagan\Documents\Ansagan\Ansagan\dataset\images\train\basty_103.jpg,C:\Users\Ansagan\Documents\Ansagan\Ansagan\dataset\labels\train\basty_103.txt,2,basty,0.44375,0.805469,0.25625,0.342187,0.08768541875,0.7488595417125723,149.4225341796875,72.97305859217279
train,C:\Users\Ansagan\Documents\Ansagan\Ansagan\dataset\images\train\basty_104.jpg,C:\Users\Ansagan\Documents\Ansagan\Ansagan\dataset\labels\train\basty_104.txt,2,basty,0.440625,0.203906,0.25625,0.335938,0.08608411249999999,0.7627895623597211,105.577724609375,72.97205217968579
train,C:\Users\Ansagan\Documents\Ansagan\Ansagan\dataset\images\train\basty_105.jpg,C:\Users\Ansagan\Documents\Ansagan\Ansagan\dataset\labels\train\basty_105.txt,2,basty,0.384375,0.654687,0.240625,0.321875,0.077451171875,0.7475728155339806,140.0956591796875,72.39621143662166
train,C:\Users\Ansagan\Documents\Ansagan\Ansagan\dataset\images\train\basty_106.jpg,C:\Users\Ansagan\Documents\Ansagan\Ansagan\dataset\labels\train\basty_106.txt,2,basty,0.619531,0.651563,0.232813,0.3125,0.0727540625,0.7450015999999999,140.09746826171875,72.39344590632403
train,C:\Users\Ansagan\Documents\Ansagan\Ansagan\dataset\images\train\basty_107.jpg,C:\Users\Ansagan\Documents\Ansagan\Ansagan\dataset\labels\train\basty_107.txt,2,basty,0.378125,0.346875,0.246875,0.315625,0.077919921875,0.7821782178217822,140.09544921875,72.39571480591334
train,C:\Users\Ansagan\Documents\Ansagan\Ansagan\dataset\images\train\basty_109.jpg,C:\Users\Ansagan\Documents\Ansagan\Ansagan\dataset\labels\train\basty_109.txt,2,basty,0.198437,0.6625,0.26875,0.35,0.0940625,0.7678571428571429,143.202734375,74.83631511442827
train,C:\Users\Ansagan\Documents\Ansagan\Ansagan\dataset\images\train\basty_11.jpg,C:\Users\Ansagan\Documents\Ansagan\Ansagan\dataset\labels\train\basty_11.txt,2,basty,0.586719,0.813281,0.279687,0.373437,0.10444547421900001,0.7489536387663783,140.0444189453125,76.03707707071135
train,C:\Users\Ansagan\Documents\Ansagan\Ansagan\dataset\images\train\basty_111.jpg,C:\Users\Ansagan\Documents\Ansagan\Ansagan\dataset\labels\train\basty_111.txt,2,basty,0.201563,0.339844,0.26875,0.360938,0.09700208749999999,0.7445877131252459,143.20470703125,74.83524246605494
train,C:\Users\Ansagan\Documents\Ansagan\Ansagan\dataset\images\train\basty_112.jpg,C:\Users\Ansagan\Documents\Ansagan\Ansagan\dataset\labels\train\basty_112.txt,2,basty,0.203906,0.6625,0.273438,0.346875,0.09484880625,0.7882897297297298,111.79687255859375,74.83409571400186
train,C:\Users\Ansagan\Documents\Ansagan\Ansagan\dataset\images\train\basty_113.jpg,C:\Users\Ansagan\Documents\Ansagan\Ansagan\dataset\labels\train\basty_113.txt,2,basty,0.73125,0.527344,0.278125,0.382812,0.1064695875,0.72653156118408,132.788798828125,79.64329195629291
train,C:\Users\Ansagan\Documents\Ansagan\Ansagan\dataset\images\train\basty_115.jpg,C:\Users\Ansagan\Documents\Ansagan\Ansagan\dataset\labels\train\basty_115.txt,2,basty,0.727344,0.467969,0.276562,0.392188,0.10846429765599999,0.7051771089375504,132.7883740234375,79.64850865674084
train,C:\Users\Ansagan\Documents\Ansagan\Ansagan\dataset\images\train\basty_116.jpg,C:\Users\Ansagan\Documents\Ansagan\Ansagan\dataset\labels\train\basty_116.txt,2,basty,0.728906,0.525781,0.273438,0.382812,0.104675347656,0.7142879533556943,122.2107666015625,79.64417327843444
train,C:\Users\Ansagan\Documents\Ansagan\Ansagan\dataset\images\train\basty_117.jpg,C:\Users\Ansagan\Documents\Ansagan\Ansagan\dataset\labels\train\basty_117.txt,2,basty,0.284375,0.410156,0.275,0.354687,0.097538925,0.7753314894540821,136.07622314453124,70.92337733243721
train,C:\Users\Ansagan\Documents\Ansagan\Ansagan\dataset\images\train\basty_118.jpg,C:\Users\Ansagan\Documents\Ansagan\Ansagan\dataset\labels\train\basty_118.txt,2,basty,0.7125,0.4125,0.278125,0.35,0.09734374999999999,0.7946428571428572,136.0790087890625,70.92441882963998
train,C:\Users\Ansagan\Documents\Ansagan\Ansagan\dataset\images\train\basty_119.jpg,C:\Users\Ansagan\Documents\Ansagan\Ansagan\dataset\labels\train\basty_119.txt,2,basty,0.282813,0.589063,0.271875,0.353125,0.096005859375,0.7699115044247786,136.0762255859375,70.92035241681808
train,C:\Users\Ansagan\Documents\Ansagan\Ansagan\dataset\images\train\basty_12.jpg,C:\Users\Ansagan\Documents\Ansagan\Ansagan\dataset\labels\train\basty_12.txt,2,basty,0.592187,0.1875,0.28125,0.371875,0.10458984375000001,0.7563025210084033,114.9590283203125,76.0380649755615
train,C:\Users\Ansagan\Documents\Ansagan\Ansagan\dataset\images\train\basty_120.jpg,C:\Users\Ansagan\Documents\Ansagan\Ansagan\dataset\labels\train\basty_120.txt,2,basty,0.284375,0.409375,0.275,0.35,0.09625,0.7857142857142858,118.923935546875,70.92346392208141
train,C:\Users\Ansagan\Documents\Ansagan\Ansagan\dataset\images\train\basty_121.jpg,C:\Users\Ansagan\Documents\Ansagan\Ansagan\dataset\labels\train\basty_121.txt,2,basty,0.252344,0.792969,0.264062,0.342187,0.09035858359400001,0.7716891641120206,143.41237548828124,77.44092832952545
train,C:\Users\Ansagan\Documents\Ansagan\Ansagan\dataset\images\train\basty_123.jpg,C:\Users\Ansagan\Documents\Ansagan\Ansagan\dataset\labels\train\basty_123.txt,2,basty,0.254688,0.207031,0.2625,0.348438,0.091464975,0.7533621476417612,143.4098974609375,77.44002276389826
train,C:\Users\Ansagan\Documents\Ansagan\Ansagan\dataset\images\train\basty_124.jpg,C:\Users\Ansagan\Documents\Ansagan\Ansagan\dataset\labels\train\basty_124.txt,2,basty,0.252344,0.790625,0.267188,0.35625,0.095185725,0.7500014035087719,111.58925048828125,77.4378118573141
train,C:\Users\Ansagan\Documents\Ansagan\Ansagan\dataset\images\train\basty_126.jpg,C:\Users\Ansagan\Documents\Ansagan\Ansagan\dataset\labels\train\basty_126.txt,2,basty,0.211719,0.483594,0.285938,0.389062,0.11124761015600002,0.7349419886804675,122.477216796875,82.15313028065351
train,C:\Users\Ansagan\Documents\Ansagan\Ansagan\dataset\images\train\basty_127.jpg,C:\Users\Ansagan\Documents\Ansagan\Ansagan\dataset\labels\train\basty_127.txt,2,basty,0.785937,0.519531,0.28125,0.401562,0.1129393125,0.7003899771392712,122.47783447265626,82.15059278198537
train,C:\Users\Ansagan\Documents\Ansagan\Ansagan\dataset\images\train\basty_128.jpg,C:\Users\Ansagan\Documents\Ansagan\Ansagan\dataset\labels\train\basty_128.txt,2,basty,0.794531,0.485938,0.285938,0.39375,0.1125880875,0.7261917460317461,132.5212255859375,82.15262986307751
train,C:\Users\Ansagan\Documents\Ansagan\Ansagan\dataset\images\train\basty_129.jpg,C:\Users\Ansagan\Documents\Ansagan\Ansagan\dataset\labels\train\basty_129.txt,2,basty,0.242188,0.432812,0.26875,0.3375,0.090703125,0.7962962962962962,139.29600341796876,76.78398875637963
train,C:\Users\Ansagan\Documents\Ansagan\Ansagan\dataset\images\train\basty_13.jpg,C:\Users\Ansagan\Documents\Ansagan\Ansagan\dataset\labels\train\basty_13.txt,2,basty,0.217969,0.427344,0.320312,0.407813,0.13062739765599998,0.7854384239835415,142.38977783203126,64.97948808340598
train,C:\Users\Ansagan\Documents\Ansagan\Ansagan\dataset\images\train\basty_130.jpg,C:\Users\Ansagan\Documents\Ansagan\Ansagan\dataset\labels\train\basty_130.txt,2,basty,0.757812,0.435937,0.253125,0.35,0.08859374999999999,0.7232142857142857,139.295830078125,76.7825345155732
train,C:\Users\Ansagan\Documents\Ansagan\Ansagan\dataset\images\train\basty_131.jpg,C:\Users\Ansagan\Documents\Ansagan\Ansagan\dataset\labels\train\basty_131.txt,2,basty,0.245312,0.571875,0.2625,0.359375,0.09433593750000001,0.7304347826086957,139.29455322265625,76.77923718884792
train,C:\Users\Ansagan\Documents\Ansagan\Ansagan\dataset\images\train\basty_132.jpg,C:\Users\Ansagan\Documents\Ansagan\Ansagan\dataset\labels\train\basty_132.txt,2,basty,0.2375,0.435156,0.2625,0.345313,0.0906446625,0.7601798947621434,115.70583740234375,76.78262701061547
train,C:\Users\Ansagan\Documents\Ansagan\Ansagan\dataset\images\train\basty_133.jpg,C:\Users\Ansagan\Documents\Ansagan\Ansagan\dataset\labels\train\basty_133.txt,2,basty,0.305469,0.81875,0.254688,0.346875,0.0883449,0.7342356756756758,149.65093017578124,76.52340617574657
train,C:\Users\Ansagan\Documents\Ansagan\Ansagan\dataset\images\train\basty_134.jpg,C:\Users\Ansagan\Documents\Ansagan\Ansagan\dataset\labels\train\basty_134.txt,2,basty,0.691406,0.816406,0.251563,0.342187,0.086081588281,0.7351623527486432,149.65276611328125,76.52136737829716
train,C:\Users\Ansagan\Documents\Ansagan\Ansagan\dataset\images\train\basty_135.jpg,C:\Users\Ansagan\Documents\Ansagan\Ansagan\dataset\labels\train\basty_135.txt,2,basty,0.309375,0.184375,0.259375,0.346875,0.08997070312500001,0.7477477477477479,149.650224609375,76.52305208841395
train,C:\Users\Ansagan\Documents\Ansagan\Ansagan\dataset\images\train\basty_137.jpg,C:\Users\Ansagan\Documents\Ansagan\Ansagan\dataset\labels\train\basty_137.txt,2,basty,0.858594,0.575781,0.276562,0.389062,0.107599764844,0.7108430018865887,130.3805419921875,82.91129682916403
train,C:\Users\Ansagan\Documents\Ansagan\Ansagan\dataset\images\train\basty_138.jpg,C:\Users\Ansagan\Documents\Ansagan\Ansagan\dataset\labels\train\basty_138.txt,2,basty,0.139844,0.58125,0.267188,0.4,0.1068752,0.66797,130.37783935546875,82.91272277679285
train,C:\Users\Ansagan\Documents\Ansagan\Ansagan\dataset\images\train\basty_139.jpg,C:\Users\Ansagan\Documents\Ansagan\Ansagan\dataset\labels\train\basty_139.txt,2,basty,0.85625,0.425,0.278125,0.390625,0.108642578125,0.7120000000000001,130.380234375,82.91173966431906
train,C:\Users\Ansagan\Documents\Ansagan\Ansagan\dataset\images\train\basty_140.jpg,C:\Users\Ansagan\Documents\Ansagan\Ansagan\dataset\labels\train\basty_140.txt,2,basty,0.859375,0.575,0.275,0.38125,0.10484375,0.7213114754098362,124.62,82.911942089277
train,C:\Users\Ansagan\Documents\Ansagan\Ansagan\dataset\images\train\basty_141.jpg,C:\Users\Ansagan\Documents\Ansagan\Ansagan\dataset\labels\train\basty_141.txt,2,basty,0.203125,0.495312,0.259375,0.340625,0.08834960937500001,0.7614678899082569,131.4190185546875,76.7162119909468
train,C:\Users\Ansagan\Documents\Ansagan\Ansagan\dataset\images\train\basty_143.jpg,C:\Users\Ansagan\Documents\Ansagan\Ansagan\dataset\labels\train\basty_143.txt,2,basty,0.203906,0.503906,0.270313,0.360938,0.097566233594,0.7489180967368358,131.4219140625,76.7171207900357
train,C:\Users\Ansagan\Documents\Ansagan\Ansagan\dataset\images\train\basty_146.jpg,C:\Users\Ansagan\Documents\Ansagan\Ansagan\dataset\labels\train\basty_146.txt,2,basty,0.733594,0.779687,0.267188,0.35625,0.095185725,0.7500014035087719,139.8464990234375,75.86129488397646
train,C:\Users\Ansagan\Documents\Ansagan\Ansagan\dataset\images\train\basty_148.jpg,C:\Users\Ansagan\Documents\Ansagan\Ansagan\dataset\labels\train\basty_148.txt,2,basty,0.265625,0.778125,0.278125,0.3625,0.1008203125,0.7672413793103449,115.15427490234374,75.86183483097727
train,C:\Users\Ansagan\Documents\Ansagan\Ansagan\dataset\images\train\basty_149.jpg,C:\Users\Ansagan\Documents\Ansagan\Ansagan\dataset\labels\train\basty_149.txt,2,basty,0.814063,0.717187,0.2875,0.396875,0.11410156249999999,0.7244094488188976,126.60411376953125,81.4002330740071
train,C:\Users\Ansagan\Documents\Ansagan\Ansagan\dataset\images\train\basty_15.jpg,C:\Users\Ansagan\Documents\Ansagan\Ansagan\dataset\labels\train\basty_15.txt,2,basty,0.216406,0.577344,0.320312,0.420312,0.134630977344,0.7620815013608937,142.39106201171876,64.97876999072002
train,C:\Users\Ansagan\Documents\Ansagan\Ansagan\dataset\images\train\basty_152.jpg,C:\Users\Ansagan\Documents\Ansagan\Ansagan\dataset\labels\train\basty_152.txt,2,basty,0.816406,0.724219,0.285938,0.401562,0.114821835156,0.712064388562663,128.3942041015625,81.39950885957136
train,C:\Users\Ansagan\Documents\Ansagan\Ansagan\dataset\images\train\basty_153.jpg,C:\Users\Ansagan\Documents\Ansagan\Ansagan\dataset\labels\train\basty_153.txt,2,basty,0.808594,0.272656,0.298438,0.398438,0.118909039844,0.7490199227985281,137.52582275390625,81.2450231178967
train,C:\Users\Ansagan\Documents\Ansagan\Ansagan\dataset\images\train\basty_154.jpg,C:\Users\Ansagan\Documents\Ansagan\Ansagan\dataset\labels\train\basty_154.txt,2,basty,0.19375,0.26875,0.296875,0.40625,0.12060546875,0.7307692307692307,137.52742919921874,81.24392864685316
train,C:\Users\Ansagan\Documents\Ansagan\Ansagan\dataset\images\train\basty_155.jpg,C:\Users\Ansagan\Documents\Ansagan\Ansagan\dataset\labels\train\basty_155.txt,2,basty,0.80625,0.732031,0.296875,0.407813,0.121069484375,0.7279684561306285,137.527900390625,81.24357945116003
train,C:\Users\Ansagan\Documents\Ansagan\Ansagan\dataset\images\train\basty_156.jpg,C:\Users\Ansagan\Documents\Ansagan\Ansagan\dataset\labels\train\basty_156.txt,2,basty,0.808594,0.274219,0.295312,0.404687,0.11950892734400001,0.7297293958046589,117.47264404296875,81.24549851527385
train,C:\Users\Ansagan\Documents\Ansagan\Ansagan\dataset\images\train\basty_158.jpg,C:\Users\Ansagan\Documents\Ansagan\Ansagan\dataset\labels\train\basty_158.txt,2,basty,0.45625,0.346094,0.353125,0.473438,0.16718279375000003,0.7458737997372412,141.6768115234375,70.2908550183352
train,C:\Users\Ansagan\Documents\Ansagan\Ansagan\dataset\images\train\basty_159.jpg,C:\Users\Ansagan\Documents\Ansagan\Ansagan\dataset\labels\train\basty_159.txt,2,basty,0.54375,0.653125,0.365625,0.475,0.17367187499999998,0.7697368421052632,141.6790869140625,70.28627593013597
train,C:\Users\Ansagan\Documents\Ansagan\Ansagan\dataset\images\train\basty_16.jpg,C:\Users\Ansagan\Documents\Ansagan\Ansagan\dataset\labels\train\basty_16.txt,2,basty,0.214844,0.429688,0.323437,0.41875,0.13543924375,0.7723868656716417,112.61190673828125,64.98012129417245
train,C:\Users\Ansagan\Documents\Ansagan\Ansagan\dataset\images\train\basty_160.jpg,C:\Users\Ansagan\Documents\Ansagan\Ansagan\dataset\labels\train\basty_160.txt,2,basty,0.539062,0.350781,0.35625,0.476562,0.1697752125,0.7475417679126746,113.3230859375,70.29165930895839
train,C:\Users\Ansagan\Documents\Ansagan\Ansagan\dataset\images\train\basty_161.jpg,C:\Users\Ansagan\Documents\Ansagan\Ansagan\dataset\labels\train\basty_161.txt,2,basty,0.234375,0.423438,0.365625,0.46875,0.17138671875,0.7799999999999999,138.66141357421876,60.72369186137521
train,C:\Users\Ansagan\Documents\Ansagan\Ansagan\dataset\images\train\basty_163.jpg,C:\Users\Ansagan\Documents\Ansagan\Ansagan\dataset\labels\train\basty_163.txt,2,basty,0.239063,0.578906,0.36875,0.464062,0.1711228625,0.7946136507621827,138.661376953125,60.72195748298088
train,C:\Users\Ansagan\Documents\Ansagan\Ansagan\dataset\images\train\basty_164.jpg,C:\Users\Ansagan\Documents\Ansagan\Ansagan\dataset\labels\train\basty_164.txt,2,basty,0.238281,0.420312,0.364063,0.465625,0.169516834375,0.7818802684563759,116.33877197265625,60.72357407058655
train,C:\Users\Ansagan\Documents\Ansagan\Ansagan\dataset\images\train\basty_165.jpg,C:\Users\Ansagan\Documents\Ansagan\Ansagan\dataset\labels\train\basty_165.txt,2,basty,0.329688,0.764844,0.36875,0.454688,0.16766620000000002,0.810995671757337,153.85400390625,60.43082061869111
train,C:\Users\Ansagan\Documents\Ansagan\Ansagan\dataset\images\train\basty_166.jpg,C:\Users\Ansagan\Documents\Ansagan\Ansagan\dataset\labels\train\basty_166.txt,2,basty,0.665625,0.767969,0.365625,0.464062,0.16967266874999998,0.7878796367726726,153.8533544921875,60.43191084692477
train,C:\Users\Ansagan\Documents\Ansagan\Ansagan\dataset\images\train\basty_167.jpg,C:\Users\Ansagan\Documents\Ansagan\Ansagan\dataset\labels\train\basty_167.txt,2,basty,0.332813,0.233594,0.365625,0.464062,0.16967266874999998,0.7878796367726726,153.85558837890625,60.43152497828978
train,C:\Users\Ansagan\Documents\Ansagan\Ansagan\dataset\images\train\basty_169.jpg,C:\Users\Ansagan\Documents\Ansagan\Ansagan\dataset\labels\train\basty_169.txt,2,basty,0.134375,0.763281,0.265625,0.451562,0.11994615625,0.5882359454515659,145.00257568359376,72.51512736649599
train,C:\Users\Ansagan\Documents\Ansagan\Ansagan\dataset\images\train\basty_17.jpg,C:\Users\Ansagan\Documents\Ansagan\Ansagan\dataset\labels\train\basty_17.txt,2,basty,0.635156,0.490625,0.276562,0.3875,0.10716777499999999,0.7137083870967741,123.5208349609375,80.34811500860275
train,C:\Users\Ansagan\Documents\Ansagan\Ansagan\dataset\images\train\basty_171.jpg,C:\Users\Ansagan\Documents\Ansagan\Ansagan\dataset\labels\train\basty_171.txt,2,basty,0.135156,0.235937,0.267188,0.453125,0.12106956249999999,0.5896562758620689,145.001552734375,72.51431834318319
train,C:\Users\Ansagan\Documents\Ansagan\Ansagan\dataset\images\train\basty_172.jpg,C:\Users\Ansagan\Documents\Ansagan\Ansagan\dataset\labels\train\basty_172.txt,2,basty,0.138281,0.757812,0.273438,0.45625,0.1247560875,0.5993161643835617,109.99754638671875,72.51595622726077
train,C:\Users\Ansagan\Documents\Ansagan\Ansagan\dataset\images\train\basty_173.jpg,C:\Users\Ansagan\Documents\Ansagan\Ansagan\dataset\labels\train\basty_173.txt,2,basty,0.642188,0.710938,0.3625,0.49375,0.178984375,0.7341772151898733,141.5719921875,72.06148059187855
train,C:\Users\Ansagan\Documents\Ansagan\Ansagan\dataset\images\train\basty_174.jpg,C:\Users\Ansagan\Documents\Ansagan\Ansagan\dataset\labels\train\basty_174.txt,2,basty,0.351562,0.709375,0.3625,0.503125,0.18238281250000002,0.7204968944099378,141.570771484375,72.05909203773838
train,C:\Users\Ansagan\Documents\Ansagan\Ansagan\dataset\images\train\basty_176.jpg,C:\Users\Ansagan\Documents\Ansagan\Ansagan\dataset\labels\train\basty_176.txt,2,basty,0.650781,0.708594,0.373437,0.489063,0.182634219531,0.7635764717429043,113.42915771484375,72.05843003958017
train,C:\Users\Ansagan\Documents\Ansagan\Ansagan\dataset\images\train\basty_177.jpg,C:\Users\Ansagan\Documents\Ansagan\Ansagan\dataset\labels\train\basty_177.txt,2,basty,0.694531,0.321094,0.354687,0.479687,0.17013874296899997,0.7394134091605568,129.36112548828126,79.05118481284963
train,C:\Users\Ansagan\Documents\Ansagan\Ansagan\dataset\images\train\basty_178.jpg,C:\Users\Ansagan\Documents\Ansagan\Ansagan\dataset\labels\train\basty_178.txt,2,basty,0.307031,0.321094,0.357812,0.476562,0.17051960234400002,0.7508194106957752,129.35970458984374,79.05179327708441
train,C:\Users\Ansagan\Documents\Ansagan\Ansagan\dataset\images\train\basty_179.jpg,C:\Users\Ansagan\Documents\Ansagan\Ansagan\dataset\labels\train\basty_179.txt,2,basty,0.692187,0.678906,0.35,0.479687,0.16789044999999997,0.7296424543504411,129.36158447265626,79.0503878526691
train,C:\Users\Ansagan\Documents\Ansagan\Ansagan\dataset\images\train\basty_18.jpg,C:\Users\Ansagan\Documents\Ansagan\Ansagan\dataset\labels\train\basty_18.txt,2,basty,0.367188,0.49375,0.2875,0.3875,0.11140625,0.7419354838709676,123.51943115234376,80.34872236636299
train,C:\Users\Ansagan\Documents\Ansagan\Ansagan\dataset\images\train\basty_180.jpg,C:\Users\Ansagan\Documents\Ansagan\Ansagan\dataset\labels\train\basty_180.txt,2,basty,0.696094,0.320312,0.345313,0.484375,0.16726098437499998,0.7129042580645161,125.63739013671875,79.0506916572486
train,C:\Users\Ansagan\Documents\Ansagan\Ansagan\dataset\images\train\basty_19.jpg,C:\Users\Ansagan\Documents\Ansagan\Ansagan\dataset\labels\train\basty_19.txt,2,basty,0.633594,0.50625,0.292187,0.4,0.1168748,0.7304674999999999,123.521875,80.35159320308115
train,C:\Users\Ansagan\Documents\Ansagan\Ansagan\dataset\images\train\basty_2.jpg,C:\Users\Ansagan\Documents\Ansagan\Ansagan\dataset\labels\train\basty_2.txt,2,basty,0.748437,0.532031,0.234375,0.317188,0.07434093750000001,0.7389150913653731,145.60414306640624,79.6606494526244
train,C:\Users\Ansagan\Documents\Ansagan\Ansagan\dataset\images\train\basty_20.jpg,C:\Users\Ansagan\Documents\Ansagan\Ansagan\dataset\labels\train\basty_20.txt,2,basty,0.630469,0.49375,0.289062,0.396875,0.11472148125,0.7283451968503937,131.4810205078125,80.3475387825395
train,C:\Users\Ansagan\Documents\Ansagan\Ansagan\dataset\images\train\basty_22.jpg,C:\Users\Ansagan\Documents\Ansagan\Ansagan\dataset\labels\train\basty_22.txt,2,basty,0.178125,0.771094,0.290625,0.404687,0.11761215937500001,0.7181476054333349,127.35776611328124,82.94369247905793
train,C:\Users\Ansagan\Documents\Ansagan\Ansagan\dataset\images\train\basty_23.jpg,C:\Users\Ansagan\Documents\Ansagan\Ansagan\dataset\labels\train\basty_23.txt,2,basty,0.811719,0.220312,0.295312,0.40625,0.11997050000000001,0.7269218461538463,127.35602294921875,82.94362545145181
train,C:\Users\Ansagan\Documents\Ansagan\Ansagan\dataset\images\train\basty_24.jpg,C:\Users\Ansagan\Documents\Ansagan\Ansagan\dataset\labels\train\basty_24.txt,2,basty,0.822656,0.775,0.301563,0.421875,0.127221890625,0.714816,127.6416796875,82.94170316044405
train,C:\Users\Ansagan\Documents\Ansagan\Ansagan\dataset\images\train\basty_25.jpg,C:\Users\Ansagan\Documents\Ansagan\Ansagan\dataset\labels\train\basty_25.txt,2,basty,0.184375,0.508594,0.275,0.357812,0.09839830000000001,0.7685600259354074,146.59750732421875,75.81067334166764
train,C:\Users\Ansagan\Documents\Ansagan\Ansagan\dataset\images\train\basty_26.jpg,C:\Users\Ansagan\Documents\Ansagan\Ansagan\dataset\labels\train\basty_26.txt,2,basty,0.8125,0.505469,0.278125,0.351562,0.09777818125,0.7911122362485138,146.5992529296875,75.8120386387735
train,C:\Users\Ansagan\Documents\Ansagan\Ansagan\dataset\images\train\basty_27.jpg,C:\Users\Ansagan\Documents\Ansagan\Ansagan\dataset\labels\train\basty_27.txt,2,basty,0.185938,0.489844,0.278125,0.357812,0.09951646250000001,0.7772936625937643,146.59799072265625,75.80971480460649
train,C:\Users\Ansagan\Documents\Ansagan\Ansagan\dataset\images\train\basty_28.jpg,C:\Users\Ansagan\Documents\Ansagan\Ansagan\dataset\labels\train\basty_28.txt,2,basty,0.184375,0.50625,0.28125,0.359375,0.10107421875,0.782608695652174,108.4021728515625,75.81140949574701
train,C:\Users\Ansagan\Documents\Ansagan\Ansagan\dataset\images\train\basty_29.jpg,C:\Users\Ansagan\Documents\Ansagan\Ansagan\dataset\labels\train\basty_29.txt,2,basty,0.366406,0.79375,0.295312,0.365625,0.10797345,0.8076909401709402,143.86826171875,67.14336019930323
train,C:\Users\Ansagan\Documents\Ansagan\Ansagan\dataset\images\train\basty_3.jpg,C:\Users\Ansagan\Documents\Ansagan\Ansagan\dataset\labels\train\basty_3.txt,2,basty,0.25,0.473438,0.2375,0.321875,0.0764453125,0.7378640776699028,145.60184326171876,79.66127536632278
train,C:\Users\Ansagan\Documents\Ansagan\Ansagan\dataset\images\train\basty_30.jpg,C:\Users\Ansagan\Documents\Ansagan\Ansagan\dataset\labels\train\basty_30.txt,2,basty,0.628906,0.800781,0.285938,0.376563,0.107673671094,0.7593364191383647,143.86782470703125,67.14369449802619
train,C:\Users\Ansagan\Documents\Ansagan\Ansagan\dataset\images\train\basty_32.jpg,C:\Users\Ansagan\Documents\Ansagan\Ansagan\dataset\labels\train\basty_32.txt,2,basty,0.363281,0.792969,0.289062,0.367188,0.106140097656,0.787231608876107,111.13445068359376,67.14370059765305
train,C:\Users\Ansagan\Documents\Ansagan\Ansagan\dataset\images\train\basty_33.jpg,C:\Users\Ansagan\Documents\Ansagan\Ansagan\dataset\labels\train\basty_33.txt,2,basty,0.185938,0.385156,0.26875,0.370312,0.09952135,0.7257393765257405,138.14058349609374,76.51949633770938
train,C:\Users\Ansagan\Documents\Ansagan\Ansagan\dataset\images\train\basty_34.jpg,C:\Users\Ansagan\Documents\Ansagan\Ansagan\dataset\labels\train\basty_34.txt,2,basty,0.813281,0.378125,0.282813,0.3625,0.10251971249999998,0.7801737931034483,138.14212890625,76.51706218375992
train,C:\Users\Ansagan\Documents\Ansagan\Ansagan\dataset\images\train\basty_35.jpg,C:\Users\Ansagan\Documents\Ansagan\Ansagan\dataset\labels\train\basty_35.txt,2,basty,0.185938,0.617188,0.275,0.359375,0.098828125,0.7652173913043478,138.1411083984375,76.51960444102227
train,C:\Users\Ansagan\Documents\Ansagan\Ansagan\dataset\images\train\basty_36.jpg,C:\Users\Ansagan\Documents\Ansagan\Ansagan\dataset\labels\train\basty_36.txt,2,basty,0.182031,0.380469,0.279687,0.357812,0.10007536484400001,0.7816590835410775,116.8580126953125,76.51806389540067
train,C:\Users\Ansagan\Documents\Ansagan\Ansagan\dataset\images\train\basty_37.jpg,C:\Users\Ansagan\Documents\Ansagan\Ansagan\dataset\labels\train\basty_37.txt,2,basty,0.6875,0.380469,0.2625,0.373437,0.0980272125,0.7029298114541409,133.7270751953125,79.32783176120344
train,C:\Users\Ansagan\Documents\Ansagan\Ansagan\dataset\images\train\basty_38.jpg,C:\Users\Ansagan\Documents\Ansagan\Ansagan\dataset\labels\train\basty_38.txt,2,basty,0.308594,0.378906,0.276562,0.370312,0.10241422734399998,0.746835101211951,133.72630126953126,79.32915422836028
train,C:\Users\Ansagan\Documents\Ansagan\Ansagan\dataset\images\train\basty_39.jpg,C:\Users\Ansagan\Documents\Ansagan\Ansagan\dataset\labels\train\basty_39.txt,2,basty,0.6875,0.625,0.275,0.365625,0.10054687500000001,0.7521367521367522,133.7313134765625,79.32808816065088
train,C:\Users\Ansagan\Documents\Ansagan\Ansagan\dataset\images\train\basty_4.jpg,C:\Users\Ansagan\Documents\Ansagan\Ansagan\dataset\labels\train\basty_4.txt,2,basty,0.253906,0.534375,0.245312,0.31875,0.07819319999999999,0.769606274509804,109.39592529296876,79.65777888451781
train,C:\Users\Ansagan\Documents\Ansagan\Ansagan\dataset\images\train\basty_40.jpg,C:\Users\Ansagan\Documents\Ansagan\Ansagan\dataset\labels\train\basty_40.txt,2,basty,0.685937,0.379688,0.278125,0.375,0.10429687500000001,0.7416666666666667,121.273603515625,79.33000551434054
train,C:\Users\Ansagan\Documents\Ansagan\Ansagan\dataset\images\train\basty_41.jpg,C:\Users\Ansagan\Documents\Ansagan\Ansagan\dataset\labels\train\basty_41.txt,2,basty,0.874219,0.6875,0.251563,0.378125,0.09512225937499999,0.6652905785123967,139.4325927734375,81.48811348216987
train,C:\Users\Ansagan\Documents\Ansagan\Ansagan\dataset\images\train\basty_43.jpg,C:\Users\Ansagan\Documents\Ansagan\Ansagan\dataset\labels\train\basty_43.txt,2,basty,0.877344,0.314063,0.245312,0.38125,0.09352519999999999,0.6434413114754098,139.43418701171876,81.48735037531675
train,C:\Users\Ansagan\Documents\Ansagan\Ansagan\dataset\images\train\basty_44.jpg,C:\Users\Ansagan\Documents\Ansagan\Ansagan\dataset\labels\train\basty_44.txt,2,basty,0.879687,0.692969,0.240625,0.392188,0.0943702375,0.6135450345242588,115.567890625,81.48961356748885
train,C:\Users\Ansagan\Documents\Ansagan\Ansagan\dataset\images\train\basty_46.jpg,C:\Users\Ansagan\Documents\Ansagan\Ansagan\dataset\labels\train\basty_46.txt,2,basty,0.114062,0.305469,0.225,0.342187,0.07699207500000001,0.6575352073573806,138.4891162109375,81.39450907235127
train,C:\Users\Ansagan\Documents\Ansagan\Ansagan\dataset\images\train\basty_47.jpg,C:\Users\Ansagan\Documents\Ansagan\Ansagan\dataset\labels\train\basty_47.txt,2,basty,0.882812,0.692969,0.234375,0.335938,0.07873546875000001,0.6976733802070619,138.488212890625,81.39575863735156
train,C:\Users\Ansagan\Documents\Ansagan\Ansagan\dataset\images\train\basty_48.jpg,C:\Users\Ansagan\Documents\Ansagan\Ansagan\dataset\labels\train\basty_48.txt,2,basty,0.88125,0.304688,0.23125,0.340625,0.07876953125000001,0.6788990825688074,116.5109375,81.39562174201713
train,C:\Users\Ansagan\Documents\Ansagan\Ansagan\dataset\images\train\basty_49.jpg,C:\Users\Ansagan\Documents\Ansagan\Ansagan\dataset\labels\train\basty_49.txt,2,basty,0.664062,0.703906,0.26875,0.357812,0.096161975,0.7510927526186936,149.7481494140625,71.43113282944621
train,C:\Users\Ansagan\Documents\Ansagan\Ansagan\dataset\images\train\basty_5.jpg,C:\Users\Ansagan\Documents\Ansagan\Ansagan\dataset\labels\train\basty_5.txt,2,basty,0.694531,0.377344,0.251563,0.332813,0.083723436719,0.7558689113706495,126.218310546875,77.1438096977639
train,C:\Users\Ansagan\Documents\Ansagan\Ansagan\dataset\images\train\basty_50.jpg,C:\Users\Ansagan\Documents\Ansagan\Ansagan\dataset\labels\train\basty_50.txt,2,basty,0.336719,0.70625,0.264062,0.353125,0.09324689375000002,0.7477861946902655,149.74685791015625,71.43277316929932
train,C:\Users\Ansagan\Documents\Ansagan\Ansagan\dataset\images\train\basty_51.jpg,C:\Users\Ansagan\Documents\Ansagan\Ansagan\dataset\labels\train\basty_51.txt,2,basty,0.663281,0.294531,0.257812,0.354687,0.09144256484399998,0.7268718616695847,149.74840087890624,71.43316814247109
train,C:\Users\Ansagan\Documents\Ansagan\Ansagan\dataset\images\train\basty_52.jpg,C:\Users\Ansagan\Documents\Ansagan\Ansagan\dataset\labels\train\basty_52.txt,2,basty,0.660156,0.704688,0.260937,0.3625,0.09458966249999999,0.7198262068965516,105.25329345703125,71.43297151235402
train,C:\Users\Ansagan\Documents\Ansagan\Ansagan\dataset\images\train\basty_53.jpg,C:\Users\Ansagan\Documents\Ansagan\Ansagan\dataset\labels\train\basty_53.txt,2,basty,0.154688,0.775,0.284375,0.359375,0.10219726562499999,0.7913043478260869,139.56033935546876,73.12039256172612
train,C:\Users\Ansagan\Documents\Ansagan\Ansagan\dataset\images\train\basty_54.jpg,C:\Users\Ansagan\Documents\Ansagan\Ansagan\dataset\labels\train\basty_54.txt,2,basty,0.839844,0.771875,0.285938,0.365625,0.10454608125,0.7820526495726496,139.56138427734376,73.11983109093845
train,C:\Users\Ansagan\Documents\Ansagan\Ansagan\dataset\images\train\basty_55.jpg,C:\Users\Ansagan\Documents\Ansagan\Ansagan\dataset\labels\train\basty_55.txt,2,basty,0.1625,0.224219,0.28125,0.357812,0.100634625,0.7860272992521212,139.5616015625,73.1197145804442
train,C:\Users\Ansagan\Documents\Ansagan\Ansagan\dataset\images\train\basty_56.jpg,C:\Users\Ansagan\Documents\Ansagan\Ansagan\dataset\labels\train\basty_56.txt,2,basty,0.15625,0.780469,0.284375,0.376563,0.10708510312499998,0.7551857192554765,115.43854248046875,73.1203756705863
train,C:\Users\Ansagan\Documents\Ansagan\Ansagan\dataset\images\train\basty_58.jpg,C:\Users\Ansagan\Documents\Ansagan\Ansagan\dataset\labels\train\basty_58.txt,2,basty,0.297656,0.5625,0.289062,0.38125,0.11020488749999999,0.7581954098360656,131.33891845703124,75.64013149241373
train,C:\Users\Ansagan\Documents\Ansagan\Ansagan\dataset\images\train\basty_59.jpg,C:\Users\Ansagan\Documents\Ansagan\Ansagan\dataset\labels\train\basty_59.txt,2,basty,0.704688,0.438281,0.275,0.376563,0.103554825,0.7302894867525488,131.3334228515625,75.63990969440046
train,C:\Users\Ansagan\Documents\Ansagan\Ansagan\dataset\images\train\basty_6.jpg,C:\Users\Ansagan\Documents\Ansagan\Ansagan\dataset\labels\train\basty_6.txt,2,basty,0.30625,0.380469,0.246875,0.329688,0.081391725,0.7488140302346462,126.2169921875,77.1441129600345
train,C:\Users\Ansagan\Documents\Ansagan\Ansagan\dataset\images\train\basty_60.jpg,C:\Users\Ansagan\Documents\Ansagan\Ansagan\dataset\labels\train\basty_60.txt,2,basty,0.703906,0.557813,0.276562,0.371875,0.10284649374999999,0.7436961344537815,123.66302734375,75.63833343341979
train,C:\Users\Ansagan\Documents\Ansagan\Ansagan\dataset\images\train\basty_61.jpg,C:\Users\Ansagan\Documents\Ansagan\Ansagan\dataset\labels\train\basty_61.txt,2,basty,0.488281,0.319531,0.285938,0.379688,0.10856722734400001,0.7530867449063442,137.6220654296875,68.73052865198169
train,C:\Users\Ansagan\Documents\Ansagan\Ansagan\dataset\images\train\basty_62.jpg,C:\Users\Ansagan\Documents\Ansagan\Ansagan\dataset\labels\train\basty_62.txt,2,basty,0.510938,0.322656,0.275,0.364063,0.10011732500000002,0.7553637694574841,137.623173828125,68.7307831742599
train,C:\Users\Ansagan\Documents\Ansagan\Ansagan\dataset\images\train\basty_63.jpg,C:\Users\Ansagan\Documents\Ansagan\Ansagan\dataset\labels\train\basty_63.txt,2,basty,0.486719,0.678906,0.282813,0.360938,0.10207795859399998,0.7835500833938238,137.622265625,68.72914017591133
train,C:\Users\Ansagan\Documents\Ansagan\Ansagan\dataset\images\train\basty_64.jpg,C:\Users\Ansagan\Documents\Ansagan\Ansagan\dataset\labels\train\basty_64.txt,2,basty,0.485938,0.325,0.275,0.359375,0.098828125,0.7652173913043478,117.37637451171875,68.73226759911805
train,C:\Users\Ansagan\Documents\Ansagan\Ansagan\dataset\images\train\basty_65.jpg,C:\Users\Ansagan\Documents\Ansagan\Ansagan\dataset\labels\train\basty_65.txt,2,basty,0.149219,0.371875,0.279687,0.359375,0.100512515625,0.7782594782608696,141.1095458984375,76.53078703341518
train,C:\Users\Ansagan\Documents\Ansagan\Ansagan\dataset\images\train\basty_66.jpg,C:\Users\Ansagan\Documents\Ansagan\Ansagan\dataset\labels\train\basty_66.txt,2,basty,0.853125,0.375781,0.28125,0.367188,0.103271625,0.7659564038040458,141.1106591796875,76.52977075090827
train,C:\Users\Ansagan\Documents\Ansagan\Ansagan\dataset\images\train\basty_67.jpg,C:\Users\Ansagan\Documents\Ansagan\Ansagan\dataset\labels\train\basty_67.txt,2,basty,0.148438,0.626563,0.28125,0.359375,0.10107421875,0.782608695652174,141.108896484375,76.53226266398866
train,C:\Users\Ansagan\Documents\Ansagan\Ansagan\dataset\images\train\basty_68.jpg,C:\Users\Ansagan\Documents\Ansagan\Ansagan\dataset\labels\train\basty_68.txt,2,basty,0.149219,0.370312,0.276562,0.365625,0.10111798124999999,0.7564088888888889,113.8908740234375,76.52841585527636
train,C:\Users\Ansagan\Documents\Ansagan\Ansagan\dataset\images\train\basty_69.jpg,C:\Users\Ansagan\Documents\Ansagan\Ansagan\dataset\labels\train\basty_69.txt,2,basty,0.66875,0.621875,0.328125,0.44375,0.14560546875,0.7394366197183099,135.50455078125,69.72920500100112
train,C:\Users\Ansagan\Documents\Ansagan\Ansagan\dataset\images\train\basty_7.jpg,C:\Users\Ansagan\Documents\Ansagan\Ansagan\dataset\labels\train\basty_7.txt,2,basty,0.692969,0.621875,0.242188,0.3375,0.08173845,0.7175940740740739,126.218232421875,77.14531341206659
train,C:\Users\Ansagan\Documents\Ansagan\Ansagan\dataset\images\train\basty_70.jpg,C:\Users\Ansagan\Documents\Ansagan\Ansagan\dataset\labels\train\basty_70.txt,2,basty,0.332813,0.61875,0.334375,0.45,0.15046874999999998,0.7430555555555555,135.50628662109375,69.72720193705311
train,C:\Users\Ansagan\Documents\Ansagan\Ansagan\dataset\images\train\basty_71.jpg,C:\Users\Ansagan\Documents\Ansagan\Ansagan\dataset\labels\train\basty_71.txt,2,basty,0.666406,0.378906,0.329688,0.442188,0.145784077344,0.7455833265488886,135.504306640625,69.72927497180414
train,C:\Users\Ansagan\Documents\Ansagan\Ansagan\dataset\images\train\basty_72.jpg,C:\Users\Ansagan\Documents\Ansagan\Ansagan\dataset\labels\train\basty_72.txt,2,basty,0.664062,0.617969,0.334375,0.442188,0.1478566125,0.7561828905352473,119.49296630859375,69.72544996899445
train,C:\Users\Ansagan\Documents\Ansagan\Ansagan\dataset\images\train\basty_73.jpg,C:\Users\Ansagan\Documents\Ansagan\Ansagan\dataset\labels\train\basty_73.txt,2,basty,0.255469,0.623437,0.451562,0.56875,0.2568258875,0.7939551648351649,140.02945556640626,53.901218325372305
train,C:\Users\Ansagan\Documents\Ansagan\Ansagan\dataset\images\train\basty_74.jpg,C:\Users\Ansagan\Documents\Ansagan\Ansagan\dataset\labels\train\basty_74.txt,2,basty,0.736719,0.625,0.442188,0.584375,0.2584036125,0.756685347593583,140.0275390625,53.90259637435762
train,C:\Users\Ansagan\Documents\Ansagan\Ansagan\dataset\images\train\basty_75.jpg,C:\Users\Ansagan\Documents\Ansagan\Ansagan\dataset\labels\train\basty_75.txt,2,basty,0.257031,0.379688,0.442188,0.575,0.2542581,0.7690226086956523,140.02943359375,53.90120114826811
train,C:\Users\Ansagan\Documents\Ansagan\Ansagan\dataset\images\train\basty_76.jpg,C:\Users\Ansagan\Documents\Ansagan\Ansagan\dataset\labels\train\basty_76.txt,2,basty,0.252344,0.61875,0.439063,0.565625,0.248345009375,0.7762439779005524,114.97102783203125,53.900639544706024
train,C:\Users\Ansagan\Documents\Ansagan\Ansagan\dataset\images\train\basty_77.jpg,C:\Users\Ansagan\Documents\Ansagan\Ansagan\dataset\labels\train\basty_77.txt,2,basty,0.805469,0.34375,0.389062,0.646875,0.25167448125,0.601448502415459,140.04446533203125,78.83590433542973
train,C:\Users\Ansagan\Documents\Ansagan\Ansagan\dataset\images\train\basty_78.jpg,C:\Users\Ansagan\Documents\Ansagan\Ansagan\dataset\labels\train\basty_78.txt,2,basty,0.194531,0.344531,0.385937,0.642188,0.24784411015599997,0.6009719895108597,140.04515380859374,78.83507615970333
train,C:\Users\Ansagan\Documents\Ansagan\Ansagan\dataset\images\train\basty_79.jpg,C:\Users\Ansagan\Documents\Ansagan\Ansagan\dataset\labels\train\basty_79.txt,2,basty,0.803125,0.652344,0.39375,0.645312,0.2540916,0.6101699642963404,140.044404296875,78.83594811240526
train,C:\Users\Ansagan\Documents\Ansagan\Ansagan\dataset\images\train\basty_82.jpg,C:\Users\Ansagan\Documents\Ansagan\Ansagan\dataset\labels\train\basty_82.txt,2,basty,0.810937,0.396094,0.378125,0.620313,0.234555853125,0.6095712970709948,141.52177734375,61.66776489316906
train,C:\Users\Ansagan\Documents\Ansagan\Ansagan\dataset\images\train\basty_83.jpg,C:\Users\Ansagan\Documents\Ansagan\Ansagan\dataset\labels\train\basty_83.txt,2,basty,0.190625,0.603906,0.378125,0.614062,0.23219219375,0.6157765828206272,141.52372314453126,61.667486374012164
train,C:\Users\Ansagan\Documents\Ansagan\Ansagan\dataset\images\train\basty_86.jpg,C:\Users\Ansagan\Documents\Ansagan\Ansagan\dataset\labels\train\basty_86.txt,2,basty,0.427344,0.907031,0.317188,0.185938,0.058977302344000004,1.705880454775248,140.42010498046875,71.22363265259058
train,C:\Users\Ansagan\Documents\Ansagan\Ansagan\dataset\images\train\basty_88.jpg,C:\Users\Ansagan\Documents\Ansagan\Ansagan\dataset\labels\train\basty_88.txt,2,basty,0.553906,0.909375,0.298438,0.18125,0.0540918875,1.6465544827586207,114.57979736328124,71.22252516155704
train,C:\Users\Ansagan\Documents\Ansagan\Ansagan\dataset\images\train\basty_89.jpg,C:\Users\Ansagan\Documents\Ansagan\Ansagan\dataset\labels\train\basty_89.txt,2,basty,0.261719,0.61875,0.270313,0.3375,0.09123063750000002,0.8009274074074074,133.25006591796875,73.59536193660331
train,C:\Users\Ansagan\Documents\Ansagan\Ansagan\dataset\images\train\basty_9.jpg,C:\Users\Ansagan\Documents\Ansagan\Ansagan\dataset\labels\train\basty_9.txt,2,basty,0.595313,0.186719,0.284375,0.370312,0.10530747499999998,0.7679335263237487,140.04170166015626,76.03703531174058
train,C:\Users\Ansagan\Documents\Ansagan\Ansagan\dataset\images\train\basty_90.jpg,C:\Users\Ansagan\Documents\Ansagan\Ansagan\dataset\labels\train\basty_90.txt,2,basty,0.732031,0.616406,0.260937,0.342187,0.089289249219,0.7625567306765013,133.25048583984375,73.59665727742289
train,C:\Users\Ansagan\Documents\Ansagan\Ansagan\dataset\images\train\basty_91.jpg,C:\Users\Ansagan\Documents\Ansagan\Ansagan\dataset\labels\train\basty_91.txt,2,basty,0.267188,0.383594,0.259375,0.339062,0.08794420625,0.7649780866036301,133.24843994140625,73.59474132664207
train,C:\Users\Ansagan\Documents\Ansagan\Ansagan\dataset\images\train\basty_93.jpg,C:\Users\Ansagan\Documents\Ansagan\Ansagan\dataset\labels\train\basty_93.txt,2,basty,0.7,0.498437,0.259375,0.35,0.09078125000000001,0.7410714285714287,128.43296630859376,78.13630689203582
train,C:\Users\Ansagan\Documents\Ansagan\Ansagan\dataset\images\train\basty_94.jpg,C:\Users\Ansagan\Documents\Ansagan\Ansagan\dataset\labels\train\basty_94.txt,2,basty,0.301563,0.5,0.246875,0.340625,0.08409179687500001,0.7247706422018348,128.43139404296875,78.13915990590624
train,C:\Users\Ansagan\Documents\Ansagan\Ansagan\dataset\images\train\basty_95.jpg,C:\Users\Ansagan\Documents\Ansagan\Ansagan\dataset\labels\train\basty_95.txt,2,basty,0.698438,0.496094,0.25625,0.348438,0.0892872375,0.7354249536502906,128.43391357421876,78.13897911038032
train,C:\Users\Ansagan\Documents\Ansagan\Ansagan\dataset\images\train\basty_96.jpg,C:\Users\Ansagan\Documents\Ansagan\Ansagan\dataset\labels\train\basty_96.txt,2,basty,0.702344,0.500781,0.257812,0.345313,0.08902583515599999,0.7466038058225436,126.5665673828125,78.13881548116257
train,C:\Users\Ansagan\Documents\Ansagan\Ansagan\dataset\images\train\basty_97.jpg,C:\Users\Ansagan\Documents\Ansagan\Ansagan\dataset\labels\train\basty_97.txt,2,basty,0.835156,0.204687,0.257812,0.35625,0.091845525,0.7236828070175438,138.61087158203125,82.07890759949642
train,C:\Users\Ansagan\Documents\Ansagan\Ansagan\dataset\images\train\basty_98.jpg,C:\Users\Ansagan\Documents\Ansagan\Ansagan\dataset\labels\train\basty_98.txt,2,basty,0.166406,0.203906,0.251563,0.342187,0.086081588281,0.7351623527486432,138.6118603515625,82.0786056879368
train,C:\Users\Ansagan\Documents\Ansagan\Ansagan\dataset\images\train\basty_99.jpg,C:\Users\Ansagan\Documents\Ansagan\Ansagan\dataset\labels\train\basty_99.txt,2,basty,0.830469,0.792188,0.251563,0.35625,0.08961931875,0.7061417543859648,138.6093505859375,82.07937781898983
train,C:\Users\Ansagan\Documents\Ansagan\Ansagan\dataset\images\train\belgi10_1.jpg,C:\Users\Ansagan\Documents\Ansagan\Ansagan\dataset\labels\train\belgi10_1.txt,14,belgi10,0.51171875,0.53046875,0.1953125,0.3203125,0.06256103515625,0.6097560975609756,118.52079345703125,77.17968193108668
train,C:\Users\Ansagan\Documents\Ansagan\Ansagan\dataset\images\train\belgi10_10.jpg,C:\Users\Ansagan\Documents\Ansagan\Ansagan\dataset\labels\train\belgi10_10.txt,14,belgi10,0.51875,0.6640625,0.203125,0.31875000000000003,0.06474609375000001,0.6372549019607843,132.1919189453125,75.20533183657712
train,C:\Users\Ansagan\Documents\Ansagan\Ansagan\dataset\images\train\belgi10_100.jpg,C:\Users\Ansagan\Documents\Ansagan\Ansagan\dataset\labels\train\belgi10_100.txt,14,belgi10,0.44453125000000004,0.52734375,0.2109375,0.40468750000000003,0.08536376953125001,0.5212355212355212,127.9821826171875,80.66179868144054
train,C:\Users\Ansagan\Documents\Ansagan\Ansagan\dataset\images\train\belgi10_101.jpg,C:\Users\Ansagan\Documents\Ansagan\Ansagan\dataset\labels\train\belgi10_101.txt,14,belgi10,0.5796875,0.6062500000000001,0.234375,0.421875,0.098876953125,0.5555555555555556,126.6345458984375,79.7930125481096
train,C:\Users\Ansagan\Documents\Ansagan\Ansagan\dataset\images\train\belgi10_102.jpg,C:\Users\Ansagan\Documents\Ansagan\Ansagan\dataset\labels\train\belgi10_102.txt,14,belgi10,0.41640625000000003,0.60546875,0.2328125,0.4234375,0.09858154296875,0.5498154981549815,126.6341796875,79.79342380258906
train,C:\Users\Ansagan\Documents\Ansagan\Ansagan\dataset\images\train\belgi10_103.jpg,C:\Users\Ansagan\Documents\Ansagan\Ansagan\dataset\labels\train\belgi10_103.txt,14,belgi10,0.6046875,0.41796875,0.4375,0.2265625,0.09912109375,1.9310344827586208,126.53541748046875,79.88977505107555
train,C:\Users\Ansagan\Documents\Ansagan\Ansagan\dataset\images\train\belgi10_105.jpg,C:\Users\Ansagan\Documents\Ansagan\Ansagan\dataset\labels\train\belgi10_105.txt,14,belgi10,0.5796875,0.60859375,0.234375,0.4296875,0.1007080078125,0.5454545454545454,128.3656787109375,79.79351538464603
train,C:\Users\Ansagan\Documents\Ansagan\Ansagan\dataset\images\train\belgi10_106.jpg,C:\Users\Ansagan\Documents\Ansagan\Ansagan\dataset\labels\train\belgi10_106.txt,14,belgi10,0.7734375,0.60546875,0.21875,0.4078125,0.08920898437500001,0.5363984674329502,116.44153564453126,82.34709910697039
train,C:\Users\Ansagan\Documents\Ansagan\Ansagan\dataset\images\train\belgi10_107.jpg,C:\Users\Ansagan\Documents\Ansagan\Ansagan\dataset\labels\train\belgi10_107.txt,14,belgi10,0.225,0.6062500000000001,0.22187500000000002,0.4,0.08875000000000001,0.5546875,116.44205078125,82.34702561851381
train,C:\Users\Ansagan\Documents\Ansagan\Ansagan\dataset\images\train\belgi10_108.jpg,C:\Users\Ansagan\Documents\Ansagan\Ansagan\dataset\labels\train\belgi10_108.txt,14,belgi10,0.60546875,0.2265625,0.40468750000000003,0.21250000000000002,0.08599609375000002,1.9044117647058822,116.34638671875,82.42675528579417
train,C:\Users\Ansagan\Documents\Ansagan\Ansagan\dataset\images\train\belgi10_109.jpg,C:\Users\Ansagan\Documents\Ansagan\Ansagan\dataset\labels\train\belgi10_109.txt,14,belgi10,0.39765625000000004,0.7742187500000001,0.4109375,0.21406250000000002,0.08796630859375001,1.9197080291970803,116.2390576171875,82.41403763028467
train,C:\Users\Ansagan\Documents\Ansagan\Ansagan\dataset\images\train\belgi10_11.jpg,C:\Users\Ansagan\Documents\Ansagan\Ansagan\dataset\labels\train\belgi10_11.txt,14,belgi10,0.39765625000000004,0.6984375,0.2078125,0.328125,0.0681884765625,0.6333333333333334,125.746259765625,73.60476775723556
train,C:\Users\Ansagan\Documents\Ansagan\Ansagan\dataset\images\train\belgi10_111.jpg,C:\Users\Ansagan\Documents\Ansagan\Ansagan\dataset\labels\train\belgi10_111.txt,14,belgi10,0.48515625,0.6609375000000001,0.2609375,0.39687500000000003,0.1035595703125,0.6574803149606299,126.67899169921876,77.397541257043
train,C:\Users\Ansagan\Documents\Ansagan\Ansagan\dataset\images\train\belgi10_112.jpg,C:\Users\Ansagan\Documents\Ansagan\Ansagan\dataset\labels\train\belgi10_112.txt,14,belgi10,0.515625,0.66015625,0.2625,0.3953125,0.10376953125,0.6640316205533597,126.6789501953125,77.39760923506721
train,C:\Users\Ansagan\Documents\Ansagan\Ansagan\dataset\images\train\belgi10_113.jpg,C:\Users\Ansagan\Documents\Ansagan\Ansagan\dataset\labels\train\belgi10_113.txt,14,belgi10,0.659375,0.515625,0.40625,0.25,0.1015625,1.625,126.58387451171875,77.49513821209429
train,C:\Users\Ansagan\Documents\Ansagan\Ansagan\dataset\images\train\belgi10_114.jpg,C:\Users\Ansagan\Documents\Ansagan\Ansagan\dataset\labels\train\belgi10_114.txt,14,belgi10,0.34218750000000003,0.48515625,0.403125,0.2546875,0.1026708984375,1.5828220858895705,126.47490234375,77.49058048219167
train,C:\Users\Ansagan\Documents\Ansagan\Ansagan\dataset\images\train\belgi10_115.jpg,C:\Users\Ansagan\Documents\Ansagan\Ansagan\dataset\labels\train\belgi10_115.txt,14,belgi10,0.484375,0.6609375000000001,0.25625000000000003,0.403125,0.10330078125000001,0.6356589147286822,128.320771484375,77.39773678451941
train,C:\Users\Ansagan\Documents\Ansagan\Ansagan\dataset\images\train\belgi10_116.jpg,C:\Users\Ansagan\Documents\Ansagan\Ansagan\dataset\labels\train\belgi10_116.txt,14,belgi10,0.65,0.6492187500000001,0.24375000000000002,0.3921875,0.09559570312500001,0.6215139442231076,120.805849609375,80.92525351342285
train,C:\Users\Ansagan\Documents\Ansagan\Ansagan\dataset\images\train\belgi10_118.jpg,C:\Users\Ansagan\Documents\Ansagan\Ansagan\dataset\labels\train\belgi10_118.txt,14,belgi10,0.65,0.3515625,0.4,0.24375000000000002,0.09750000000000002,1.641025641025641,120.7086572265625,81.01172650488587
train,C:\Users\Ansagan\Documents\Ansagan\Ansagan\dataset\images\train\belgi10_119.jpg,C:\Users\Ansagan\Documents\Ansagan\Ansagan\dataset\labels\train\belgi10_119.txt,14,belgi10,0.35468750000000004,0.6507812500000001,0.4,0.2484375,0.099375,1.610062893081761,120.601103515625,81.00429132243205
train,C:\Users\Ansagan\Documents\Ansagan\Ansagan\dataset\images\train\belgi10_121.jpg,C:\Users\Ansagan\Documents\Ansagan\Ansagan\dataset\labels\train\belgi10_121.txt,14,belgi10,0.51796875,0.40078125000000003,0.2546875,0.3984375,0.10147705078125001,0.6392156862745099,117.4978125,81.60943908012514
train,C:\Users\Ansagan\Documents\Ansagan\Ansagan\dataset\images\train\belgi10_122.jpg,C:\Users\Ansagan\Documents\Ansagan\Ansagan\dataset\labels\train\belgi10_122.txt,14,belgi10,0.48671875000000003,0.40234375,0.2578125,0.3921875,0.10111083984375001,0.6573705179282868,117.49774658203125,81.60976186846028
train,C:\Users\Ansagan\Documents\Ansagan\Ansagan\dataset\images\train\belgi10_123.jpg,C:\Users\Ansagan\Documents\Ansagan\Ansagan\dataset\labels\train\belgi10_123.txt,14,belgi10,0.40078125000000003,0.484375,0.3984375,0.253125,0.10085449218749999,1.5740740740740742,117.4027490234375,81.69081163943751
train,C:\Users\Ansagan\Documents\Ansagan\Ansagan\dataset\images\train\belgi10_124.jpg,C:\Users\Ansagan\Documents\Ansagan\Ansagan\dataset\labels\train\belgi10_124.txt,14,belgi10,0.603125,0.51875,0.39375000000000004,0.253125,0.09966796875,1.5555555555555558,117.2506201171875,81.6714386652912
train,C:\Users\Ansagan\Documents\Ansagan\Ansagan\dataset\images\train\belgi10_125.jpg,C:\Users\Ansagan\Documents\Ansagan\Ansagan\dataset\labels\train\belgi10_125.txt,14,belgi10,0.5171875,0.4,0.253125,0.39687500000000003,0.100458984375,0.637795275590551,137.502177734375,81.60963852833943
train,C:\Users\Ansagan\Documents\Ansagan\Ansagan\dataset\images\train\belgi10_127.jpg,C:\Users\Ansagan\Documents\Ansagan\Ansagan\dataset\labels\train\belgi10_127.txt,14,belgi10,0.7718750000000001,0.37578125,0.259375,0.42031250000000003,0.10901855468750002,0.6171003717472119,121.67858642578125,80.11534532227441
train,C:\Users\Ansagan\Documents\Ansagan\Ansagan\dataset\images\train\belgi10_128.jpg,C:\Users\Ansagan\Documents\Ansagan\Ansagan\dataset\labels\train\belgi10_128.txt,14,belgi10,0.375,0.77109375,0.41875,0.2546875,0.10665039062500001,1.6441717791411044,121.5801953125,80.20431185416976
train,C:\Users\Ansagan\Documents\Ansagan\Ansagan\dataset\images\train\belgi10_129.jpg,C:\Users\Ansagan\Documents\Ansagan\Ansagan\dataset\labels\train\belgi10_129.txt,14,belgi10,0.62421875,0.23203125000000002,0.42031250000000003,0.2546875,0.10704833984375,1.6503067484662577,121.39830078125,80.21075445912298
train,C:\Users\Ansagan\Documents\Ansagan\Ansagan\dataset\images\train\belgi10_13.jpg,C:\Users\Ansagan\Documents\Ansagan\Ansagan\dataset\labels\train\belgi10_13.txt,14,belgi10,0.69921875,0.6039062500000001,0.3359375,0.2015625,0.06771240234375,1.6666666666666665,125.64246337890626,73.70980669234706
train,C:\Users\Ansagan\Documents\Ansagan\Ansagan\dataset\images\train\belgi10_130.jpg,C:\Users\Ansagan\Documents\Ansagan\Ansagan\dataset\labels\train\belgi10_130.txt,14,belgi10,0.23203125000000002,0.375,0.2546875,0.41875,0.10665039062500001,0.6082089552238806,133.321328125,80.11533248519066
train,C:\Users\Ansagan\Documents\Ansagan\Ansagan\dataset\images\train\belgi10_131.jpg,C:\Users\Ansagan\Documents\Ansagan\Ansagan\dataset\labels\train\belgi10_131.txt,14,belgi10,0.15937500000000002,0.32421875,0.246875,0.42031250000000003,0.10376464843750001,0.587360594795539,122.57332275390625,78.7043872413691
train,C:\Users\Ansagan\Documents\Ansagan\Ansagan\dataset\images\train\belgi10_133.jpg,C:\Users\Ansagan\Documents\Ansagan\Ansagan\dataset\labels\train\belgi10_133.txt,14,belgi10,0.32578125,0.8390625,0.4234375,0.25,0.105859375,1.69375,122.469208984375,78.80093503544379
train,C:\Users\Ansagan\Documents\Ansagan\Ansagan\dataset\images\train\belgi10_136.jpg,C:\Users\Ansagan\Documents\Ansagan\Ansagan\dataset\labels\train\belgi10_136.txt,14,belgi10,0.23828125,0.55234375,0.2390625,0.40468750000000003,0.09674560546875001,0.5907335907335907,130.5700732421875,77.47742379647872
train,C:\Users\Ansagan\Documents\Ansagan\Ansagan\dataset\images\train\belgi10_139.jpg,C:\Users\Ansagan\Documents\Ansagan\Ansagan\dataset\labels\train\belgi10_139.txt,14,belgi10,0.45,0.2390625,0.403125,0.240625,0.097001953125,1.6753246753246753,130.3573193359375,77.5822335181051
train,C:\Users\Ansagan\Documents\Ansagan\Ansagan\dataset\images\train\belgi10_14.jpg,C:\Users\Ansagan\Documents\Ansagan\Ansagan\dataset\labels\train\belgi10_14.txt,14,belgi10,0.30781250000000004,0.3953125,0.3375,0.209375,0.07066406250000001,1.6119402985074627,125.53142822265625,73.6989008856917
train,C:\Users\Ansagan\Documents\Ansagan\Ansagan\dataset\images\train\belgi10_141.jpg,C:\Users\Ansagan\Documents\Ansagan\Ansagan\dataset\labels\train\belgi10_141.txt,14,belgi10,0.3828125,0.5734375,0.259375,0.415625,0.10780273437500001,0.6240601503759399,130.67726806640624,79.49708071154332
train,C:\Users\Ansagan\Documents\Ansagan\Ansagan\dataset\images\train\belgi10_142.jpg,C:\Users\Ansagan\Documents\Ansagan\Ansagan\dataset\labels\train\belgi10_142.txt,14,belgi10,0.6195312500000001,0.5710937500000001,0.2515625,0.4140625,0.10416259765625001,0.6075471698113208,130.6769482421875,79.49767183392794
train,C:\Users\Ansagan\Documents\Ansagan\Ansagan\dataset\images\train\belgi10_143.jpg,C:\Users\Ansagan\Documents\Ansagan\Ansagan\dataset\labels\train\belgi10_143.txt,14,belgi10,0.5750000000000001,0.62265625,0.41875,0.2609375,0.109267578125,1.6047904191616769,130.57158447265624,79.6019236740947
train,C:\Users\Ansagan\Documents\Ansagan\Ansagan\dataset\images\train\belgi10_144.jpg,C:\Users\Ansagan\Documents\Ansagan\Ansagan\dataset\labels\train\belgi10_144.txt,14,belgi10,0.43046875,0.38515625000000003,0.42031250000000003,0.2609375,0.10967529296875,1.6107784431137726,130.46482177734376,79.6000507161653
train,C:\Users\Ansagan\Documents\Ansagan\Ansagan\dataset\images\train\belgi10_145.jpg,C:\Users\Ansagan\Documents\Ansagan\Ansagan\dataset\labels\train\belgi10_145.txt,14,belgi10,0.38046875,0.57421875,0.2578125,0.4265625,0.10997314453125,0.6043956043956044,124.32310302734375,79.49770450105856
train,C:\Users\Ansagan\Documents\Ansagan\Ansagan\dataset\images\train\belgi10_146.jpg,C:\Users\Ansagan\Documents\Ansagan\Ansagan\dataset\labels\train\belgi10_146.txt,14,belgi10,0.571875,0.56875,0.2625,0.44062500000000004,0.11566406250000001,0.5957446808510638,125.723740234375,80.11374475400989
train,C:\Users\Ansagan\Documents\Ansagan\Ansagan\dataset\images\train\belgi10_147.jpg,C:\Users\Ansagan\Documents\Ansagan\Ansagan\dataset\labels\train\belgi10_147.txt,14,belgi10,0.42812500000000003,0.5703125,0.265625,0.4375,0.1162109375,0.6071428571428571,125.723466796875,80.11390352602119
train,C:\Users\Ansagan\Documents\Ansagan\Ansagan\dataset\images\train\belgi10_148.jpg,C:\Users\Ansagan\Documents\Ansagan\Ansagan\dataset\labels\train\belgi10_148.txt,14,belgi10,0.571875,0.42812500000000003,0.43125,0.265625,0.11455078125000001,1.6235294117647059,125.624326171875,80.2094652607599
train,C:\Users\Ansagan\Documents\Ansagan\Ansagan\dataset\images\train\belgi10_149.jpg,C:\Users\Ansagan\Documents\Ansagan\Ansagan\dataset\labels\train\belgi10_149.txt,14,belgi10,0.43203125000000003,0.5703125,0.4390625,0.2625,0.11525390625000001,1.6726190476190477,125.5198828125,80.20506149757644
train,C:\Users\Ansagan\Documents\Ansagan\Ansagan\dataset\images\train\belgi10_15.jpg,C:\Users\Ansagan\Documents\Ansagan\Ansagan\dataset\labels\train\belgi10_15.txt,14,belgi10,0.39921875,0.6984375,0.2109375,0.33125000000000004,0.06987304687500001,0.6367924528301886,129.253955078125,73.6048623443081
train,C:\Users\Ansagan\Documents\Ansagan\Ansagan\dataset\images\train\belgi10_151.jpg,C:\Users\Ansagan\Documents\Ansagan\Ansagan\dataset\labels\train\belgi10_151.txt,14,belgi10,0.7445312500000001,0.5281250000000001,0.2546875,0.434375,0.11062988281250001,0.5863309352517986,114.9580029296875,84.227429306457
train,C:\Users\Ansagan\Documents\Ansagan\Ansagan\dataset\images\train\belgi10_152.jpg,C:\Users\Ansagan\Documents\Ansagan\Ansagan\dataset\labels\train\belgi10_152.txt,14,belgi10,0.25546875,0.52578125,0.2578125,0.4296875,0.11077880859375,0.6,114.95798583984374,84.22703901663387
train,C:\Users\Ansagan\Documents\Ansagan\Ansagan\dataset\images\train\belgi10_153.jpg,C:\Users\Ansagan\Documents\Ansagan\Ansagan\dataset\labels\train\belgi10_153.txt,14,belgi10,0.5281250000000001,0.25859375,0.434375,0.2546875,0.11062988281250001,1.705521472392638,114.86424560546875,84.2999234037676
train,C:\Users\Ansagan\Documents\Ansagan\Ansagan\dataset\images\train\belgi10_154.jpg,C:\Users\Ansagan\Documents\Ansagan\Ansagan\dataset\labels\train\belgi10_154.txt,14,belgi10,0.47578125000000004,0.7445312500000001,0.4390625,0.2546875,0.11182373046875001,1.7239263803680982,114.75832275390626,84.29119224832377
train,C:\Users\Ansagan\Documents\Ansagan\Ansagan\dataset\images\train\belgi10_155.jpg,C:\Users\Ansagan\Documents\Ansagan\Ansagan\dataset\labels\train\belgi10_155.txt,14,belgi10,0.74375,0.5281250000000001,0.26875,0.4375,0.11757812499999999,0.6142857142857142,140.04205322265625,84.22700117038104
train,C:\Users\Ansagan\Documents\Ansagan\Ansagan\dataset\images\train\belgi10_156.jpg,C:\Users\Ansagan\Documents\Ansagan\Ansagan\dataset\labels\train\belgi10_156.txt,14,belgi10,0.73984375,0.34296875000000004,0.2484375,0.4109375,0.10209228515625,0.6045627376425855,109.73760009765626,83.28851247240203
train,C:\Users\Ansagan\Documents\Ansagan\Ansagan\dataset\images\train\belgi10_158.jpg,C:\Users\Ansagan\Documents\Ansagan\Ansagan\dataset\labels\train\belgi10_158.txt,14,belgi10,0.33984375,0.2609375,0.4140625,0.246875,0.10222167968750001,1.6772151898734176,109.636455078125,83.35839287807065
train,C:\Users\Ansagan\Documents\Ansagan\Ansagan\dataset\images\train\belgi10_16.jpg,C:\Users\Ansagan\Documents\Ansagan\Ansagan\dataset\labels\train\belgi10_16.txt,14,belgi10,0.29609375,0.6609375000000001,0.2015625,0.325,0.0655078125,0.6201923076923077,127.4338671875,71.65147168764783
train,C:\Users\Ansagan\Documents\Ansagan\Ansagan\dataset\images\train\belgi10_160.jpg,C:\Users\Ansagan\Documents\Ansagan\Ansagan\dataset\labels\train\belgi10_160.txt,14,belgi10,0.7390625000000001,0.34140625,0.253125,0.41718750000000004,0.1056005859375,0.6067415730337078,145.26197021484376,83.28808454029718
train,C:\Users\Ansagan\Documents\Ansagan\Ansagan\dataset\images\train\belgi10_161.jpg,C:\Users\Ansagan\Documents\Ansagan\Ansagan\dataset\labels\train\belgi10_161.txt,14,belgi10,0.46953125,0.50546875,0.22968750000000002,0.4390625,0.10084716796875001,0.5231316725978647,103.3418798828125,75.84615489196355
train,C:\Users\Ansagan\Documents\Ansagan\Ansagan\dataset\images\train\belgi10_162.jpg,C:\Users\Ansagan\Documents\Ansagan\Ansagan\dataset\labels\train\belgi10_162.txt,14,belgi10,0.52734375,0.50546875,0.2328125,0.43593750000000003,0.10149169921875001,0.5340501792114695,103.3416552734375,75.84644019612347
train,C:\Users\Ansagan\Documents\Ansagan\Ansagan\dataset\images\train\belgi10_163.jpg,C:\Users\Ansagan\Documents\Ansagan\Ansagan\dataset\labels\train\belgi10_163.txt,14,belgi10,0.5078125,0.53046875,0.4375,0.2265625,0.09912109375,1.9310344827586208,103.2668798828125,75.90432908316659
train,C:\Users\Ansagan\Documents\Ansagan\Ansagan\dataset\images\train\belgi10_164.jpg,C:\Users\Ansagan\Documents\Ansagan\Ansagan\dataset\labels\train\belgi10_164.txt,14,belgi10,0.49765625,0.47187500000000004,0.4296875,0.22812500000000002,0.09802246093750001,1.8835616438356162,103.16726806640625,75.89732490761608
train,C:\Users\Ansagan\Documents\Ansagan\Ansagan\dataset\images\train\belgi10_165.jpg,C:\Users\Ansagan\Documents\Ansagan\Ansagan\dataset\labels\train\belgi10_165.txt,14,belgi10,0.4703125,0.50546875,0.234375,0.43281250000000004,0.10144042968750001,0.5415162454873645,151.65850341796875,75.84647482169116
train,C:\Users\Ansagan\Documents\Ansagan\Ansagan\dataset\images\train\belgi10_167.jpg,C:\Users\Ansagan\Documents\Ansagan\Ansagan\dataset\labels\train\belgi10_167.txt,14,belgi10,0.66796875,0.5593750000000001,0.23593750000000002,0.446875,0.10543457031250002,0.527972027972028,115.361328125,73.84720119681768
train,C:\Users\Ansagan\Documents\Ansagan\Ansagan\dataset\images\train\belgi10_168.jpg,C:\Users\Ansagan\Documents\Ansagan\Ansagan\dataset\labels\train\belgi10_168.txt,14,belgi10,0.5593750000000001,0.6640625,0.45,0.22812500000000002,0.10265625000000002,1.9726027397260273,115.2768359375,73.92736311500056
train,C:\Users\Ansagan\Documents\Ansagan\Ansagan\dataset\images\train\belgi10_17.jpg,C:\Users\Ansagan\Documents\Ansagan\Ansagan\dataset\labels\train\belgi10_17.txt,14,belgi10,0.70625,0.6625000000000001,0.19687500000000002,0.328125,0.064599609375,0.6000000000000001,127.43354248046874,71.65167415748199
train,C:\Users\Ansagan\Documents\Ansagan\Ansagan\dataset\images\train\belgi10_170.jpg,C:\Users\Ansagan\Documents\Ansagan\Ansagan\dataset\labels\train\belgi10_170.txt,14,belgi10,0.33437500000000003,0.56171875,0.23750000000000002,0.4453125,0.10576171875000001,0.5333333333333333,139.638466796875,73.84716653776975
train,C:\Users\Ansagan\Documents\Ansagan\Ansagan\dataset\images\train\belgi10_172.jpg,C:\Users\Ansagan\Documents\Ansagan\Ansagan\dataset\labels\train\belgi10_172.txt,14,belgi10,0.7484375000000001,0.32734375000000004,0.24375000000000002,0.49843750000000003,0.12149414062500002,0.4890282131661442,117.7993359375,83.08346417362645
train,C:\Users\Ansagan\Documents\Ansagan\Ansagan\dataset\images\train\belgi10_174.jpg,C:\Users\Ansagan\Documents\Ansagan\Ansagan\dataset\labels\train\belgi10_174.txt,14,belgi10,0.6765625000000001,0.25078125,0.48750000000000004,0.2390625,0.11654296875000002,2.03921568627451,117.5900146484375,83.1824883908995
train,C:\Users\Ansagan\Documents\Ansagan\Ansagan\dataset\images\train\belgi10_175.jpg,C:\Users\Ansagan\Documents\Ansagan\Ansagan\dataset\labels\train\belgi10_175.txt,14,belgi10,0.2515625,0.32421875,0.24375000000000002,0.4921875,0.11997070312500001,0.4952380952380953,137.20049072265624,83.08369965694217
train,C:\Users\Ansagan\Documents\Ansagan\Ansagan\dataset\images\train\belgi10_176.jpg,C:\Users\Ansagan\Documents\Ansagan\Ansagan\dataset\labels\train\belgi10_176.txt,14,belgi10,0.0921875,0.2984375,0.18125000000000002,0.465625,0.08439453125000002,0.389261744966443,118.4551953125,76.91876024798407
train,C:\Users\Ansagan\Documents\Ansagan\Ansagan\dataset\images\train\belgi10_177.jpg,C:\Users\Ansagan\Documents\Ansagan\Ansagan\dataset\labels\train\belgi10_177.txt,14,belgi10,0.9070312500000001,0.30000000000000004,0.1859375,0.46875,0.087158203125,0.39666666666666667,118.45528076171875,76.91866574400628
train,C:\Users\Ansagan\Documents\Ansagan\Ansagan\dataset\images\train\belgi10_179.jpg,C:\Users\Ansagan\Documents\Ansagan\Ansagan\dataset\labels\train\belgi10_179.txt,14,belgi10,0.7000000000000001,0.09375,0.4625,0.184375,0.08527343750000001,2.5084745762711864,118.23467529296875,77.01259296924572
train,C:\Users\Ansagan\Documents\Ansagan\Ansagan\dataset\images\train\belgi10_18.jpg,C:\Users\Ansagan\Documents\Ansagan\Ansagan\dataset\labels\train\belgi10_18.txt,14,belgi10,0.6671875,0.7054687500000001,0.33125000000000004,0.1953125,0.06469726562500001,1.6960000000000002,127.3304345703125,71.76338141840947
train,C:\Users\Ansagan\Documents\Ansagan\Ansagan\dataset\images\train\belgi10_180.jpg,C:\Users\Ansagan\Documents\Ansagan\Ansagan\dataset\labels\train\belgi10_180.txt,14,belgi10,0.09453125000000001,0.30000000000000004,0.1859375,0.46875,0.087158203125,0.39666666666666667,136.5448681640625,76.91886028733487
train,C:\Users\Ansagan\Documents\Ansagan\Ansagan\dataset\images\train\belgi10_181.jpg,C:\Users\Ansagan\Documents\Ansagan\Ansagan\dataset\labels\train\belgi10_181.txt,14,belgi10,0.5671875000000001,0.31093750000000003,0.22812500000000002,0.42500000000000004,0.09695312500000001,0.5367647058823529,121.6926171875,81.54454857039045
train,C:\Users\Ansagan\Documents\Ansagan\Ansagan\dataset\images\train\belgi10_182.jpg,C:\Users\Ansagan\Documents\Ansagan\Ansagan\dataset\labels\train\belgi10_182.txt,14,belgi10,0.43046875,0.30859375,0.22968750000000002,0.4265625,0.09797607421875001,0.5384615384615384,121.6928466796875,81.5440078570136
train,C:\Users\Ansagan\Documents\Ansagan\Ansagan\dataset\images\train\belgi10_183.jpg,C:\Users\Ansagan\Documents\Ansagan\Ansagan\dataset\labels\train\belgi10_183.txt,14,belgi10,0.31171875000000004,0.4265625,0.4296875,0.215625,0.0926513671875,1.9927536231884058,121.576015625,81.64025844979764
train,C:\Users\Ansagan\Documents\Ansagan\Ansagan\dataset\images\train\belgi10_184.jpg,C:\Users\Ansagan\Documents\Ansagan\Ansagan\dataset\labels\train\belgi10_184.txt,14,belgi10,0.6921875000000001,0.56953125,0.421875,0.22031250000000002,0.09294433593750001,1.9148936170212765,121.49799072265625,81.6290778967121
train,C:\Users\Ansagan\Documents\Ansagan\Ansagan\dataset\images\train\belgi10_185.jpg,C:\Users\Ansagan\Documents\Ansagan\Ansagan\dataset\labels\train\belgi10_185.txt,14,belgi10,0.5703125,0.31015625,0.22187500000000002,0.43593750000000003,0.09672363281250002,0.5089605734767025,133.3070849609375,81.54415562743188
train,C:\Users\Ansagan\Documents\Ansagan\Ansagan\dataset\images\train\belgi10_186.jpg,C:\Users\Ansagan\Documents\Ansagan\Ansagan\dataset\labels\train\belgi10_186.txt,14,belgi10,0.7406250000000001,0.2171875,0.171875,0.33437500000000003,0.05747070312500001,0.514018691588785,106.4842919921875,78.54799135332044
train,C:\Users\Ansagan\Documents\Ansagan\Ansagan\dataset\images\train\belgi10_187.jpg,C:\Users\Ansagan\Documents\Ansagan\Ansagan\dataset\labels\train\belgi10_187.txt,14,belgi10,0.25859375,0.21875,0.1703125,0.3375,0.057480468750000006,0.5046296296296297,106.4841552734375,78.54831917510204
train,C:\Users\Ansagan\Documents\Ansagan\Ansagan\dataset\images\train\belgi10_188.jpg,C:\Users\Ansagan\Documents\Ansagan\Ansagan\dataset\labels\train\belgi10_188.txt,14,belgi10,0.21796875000000002,0.25859375,0.33906250000000004,0.16718750000000002,0.05668701171875001,2.02803738317757,106.37590087890625,78.62294524710975
train,C:\Users\Ansagan\Documents\Ansagan\Ansagan\dataset\images\train\belgi10_189.jpg,C:\Users\Ansagan\Documents\Ansagan\Ansagan\dataset\labels\train\belgi10_189.txt,14,belgi10,0.7828125,0.7429687500000001,0.34375,0.16718750000000002,0.05747070312500001,2.05607476635514,106.2819873046875,78.58681579596579
train,C:\Users\Ansagan\Documents\Ansagan\Ansagan\dataset\images\train\belgi10_19.jpg,C:\Users\Ansagan\Documents\Ansagan\Ansagan\dataset\labels\train\belgi10_19.txt,14,belgi10,0.34140625,0.29609375,0.32656250000000003,0.1953125,0.06378173828125,1.6720000000000002,127.21904296875,71.75440105637487
train,C:\Users\Ansagan\Documents\Ansagan\Ansagan\dataset\images\train\belgi10_190.jpg,C:\Users\Ansagan\Documents\Ansagan\Ansagan\dataset\labels\train\belgi10_190.txt,14,belgi10,0.74609375,0.2171875,0.1640625,0.3375,0.05537109375,0.4861111111111111,148.51587158203125,78.5483336536974
train,C:\Users\Ansagan\Documents\Ansagan\Ansagan\dataset\images\train\belgi10_191.jpg,C:\Users\Ansagan\Documents\Ansagan\Ansagan\dataset\labels\train\belgi10_191.txt,14,belgi10,0.76328125,0.35625,0.13593750000000002,0.284375,0.0386572265625,0.4780219780219781,109.0648046875,76.75298984252366
train,C:\Users\Ansagan\Documents\Ansagan\Ansagan\dataset\images\train\belgi10_192.jpg,C:\Users\Ansagan\Documents\Ansagan\Ansagan\dataset\labels\train\belgi10_192.txt,14,belgi10,0.23593750000000002,0.35625,0.13125,0.284375,0.03732421875,0.46153846153846156,109.0646826171875,76.75319278875902
train,C:\Users\Ansagan\Documents\Ansagan\Ansagan\dataset\images\train\belgi10_193.jpg,C:\Users\Ansagan\Documents\Ansagan\Ansagan\dataset\labels\train\belgi10_193.txt,14,belgi10,0.359375,0.23750000000000002,0.290625,0.13125,0.03814453125,2.2142857142857144,108.95755615234376,76.83367437747602
train,C:\Users\Ansagan\Documents\Ansagan\Ansagan\dataset\images\train\belgi10_194.jpg,C:\Users\Ansagan\Documents\Ansagan\Ansagan\dataset\labels\train\belgi10_194.txt,14,belgi10,0.6429687500000001,0.7625000000000001,0.2921875,0.13125,0.038349609375,2.226190476190476,108.84881103515625,76.79429825154789
train,C:\Users\Ansagan\Documents\Ansagan\Ansagan\dataset\images\train\belgi10_195.jpg,C:\Users\Ansagan\Documents\Ansagan\Ansagan\dataset\labels\train\belgi10_195.txt,14,belgi10,0.76328125,0.35781250000000003,0.1390625,0.290625,0.040415039062500005,0.47849462365591394,145.9353271484375,76.75314031289548
train,C:\Users\Ansagan\Documents\Ansagan\Ansagan\dataset\images\train\belgi10_196.jpg,C:\Users\Ansagan\Documents\Ansagan\Ansagan\dataset\labels\train\belgi10_196.txt,14,belgi10,0.76328125,0.56796875,0.15156250000000002,0.29531250000000003,0.04475830078125001,0.5132275132275133,119.7224072265625,79.81497134771465
train,C:\Users\Ansagan\Documents\Ansagan\Ansagan\dataset\images\train\belgi10_197.jpg,C:\Users\Ansagan\Documents\Ansagan\Ansagan\dataset\labels\train\belgi10_197.txt,14,belgi10,0.24140625000000002,0.56171875,0.1546875,0.2890625,0.04471435546875,0.5351351351351351,119.72205322265626,79.8151937007692
train,C:\Users\Ansagan\Documents\Ansagan\Ansagan\dataset\images\train\belgi10_198.jpg,C:\Users\Ansagan\Documents\Ansagan\Ansagan\dataset\labels\train\belgi10_198.txt,14,belgi10,0.5640625,0.23750000000000002,0.29375,0.15000000000000002,0.04406250000000001,1.958333333333333,119.60797119140625,79.9085098027833
train,C:\Users\Ansagan\Documents\Ansagan\Ansagan\dataset\images\train\belgi10_199.jpg,C:\Users\Ansagan\Documents\Ansagan\Ansagan\dataset\labels\train\belgi10_199.txt,14,belgi10,0.43828125,0.7640625000000001,0.2890625,0.153125,0.0442626953125,1.887755102040816,119.50103515625,79.88041283927971
train,C:\Users\Ansagan\Documents\Ansagan\Ansagan\dataset\images\train\belgi10_200.jpg,C:\Users\Ansagan\Documents\Ansagan\Ansagan\dataset\labels\train\belgi10_200.txt,14,belgi10,0.76171875,0.56875,0.15781250000000002,0.290625,0.04586425781250001,0.5430107526881721,135.277919921875,79.8152173319323
train,C:\Users\Ansagan\Documents\Ansagan\Ansagan\dataset\images\train\belgi10_201.jpg,C:\Users\Ansagan\Documents\Ansagan\Ansagan\dataset\labels\train\belgi10_201.txt,14,belgi10,0.70859375,0.703125,0.15781250000000002,0.29375,0.046357421875000006,0.5372340425531915,123.42754638671875,79.02864566367603
train,C:\Users\Ansagan\Documents\Ansagan\Ansagan\dataset\images\train\belgi10_203.jpg,C:\Users\Ansagan\Documents\Ansagan\Ansagan\dataset\labels\train\belgi10_203.txt,14,belgi10,0.7015625000000001,0.29453125,0.296875,0.15781250000000002,0.04685058593750001,1.8811881188118809,123.31008056640626,79.12965107740702
train,C:\Users\Ansagan\Documents\Ansagan\Ansagan\dataset\images\train\belgi10_204.jpg,C:\Users\Ansagan\Documents\Ansagan\Ansagan\dataset\labels\train\belgi10_204.txt,14,belgi10,0.30000000000000004,0.70859375,0.30000000000000004,0.1609375,0.04828125000000001,1.8640776699029127,123.20239990234376,79.10657244074288
train,C:\Users\Ansagan\Documents\Ansagan\Ansagan\dataset\images\train\belgi10_205.jpg,C:\Users\Ansagan\Documents\Ansagan\Ansagan\dataset\labels\train\belgi10_205.txt,14,belgi10,0.70625,0.703125,0.16875,0.30000000000000004,0.05062500000000001,0.5625,131.57203857421874,79.02864539434862
train,C:\Users\Ansagan\Documents\Ansagan\Ansagan\dataset\images\train\belgi10_206.jpg,C:\Users\Ansagan\Documents\Ansagan\Ansagan\dataset\labels\train\belgi10_206.txt,14,belgi10,0.5750000000000001,0.7468750000000001,0.18125000000000002,0.33437500000000003,0.060605468750000016,0.5420560747663552,130.09231689453125,76.86328928557516
train,C:\Users\Ansagan\Documents\Ansagan\Ansagan\dataset\images\train\belgi10_207.jpg,C:\Users\Ansagan\Documents\Ansagan\Ansagan\dataset\labels\train\belgi10_207.txt,14,belgi10,0.42421875000000003,0.74765625,0.17343750000000002,0.3296875,0.05718017578125001,0.5260663507109005,130.09211669921876,76.86319982708407
train,C:\Users\Ansagan\Documents\Ansagan\Ansagan\dataset\images\train\belgi10_208.jpg,C:\Users\Ansagan\Documents\Ansagan\Ansagan\dataset\labels\train\belgi10_208.txt,14,belgi10,0.7468750000000001,0.42578125,0.33125000000000004,0.1765625,0.058486328125000014,1.8761061946902655,129.97627685546874,76.97493083311731
train,C:\Users\Ansagan\Documents\Ansagan\Ansagan\dataset\images\train\belgi10_209.jpg,C:\Users\Ansagan\Documents\Ansagan\Ansagan\dataset\labels\train\belgi10_209.txt,14,belgi10,0.25,0.5750000000000001,0.3375,0.171875,0.058007812500000006,1.9636363636363638,129.86689453125,76.95945975020591
train,C:\Users\Ansagan\Documents\Ansagan\Ansagan\dataset\images\train\belgi10_210.jpg,C:\Users\Ansagan\Documents\Ansagan\Ansagan\dataset\labels\train\belgi10_210.txt,14,belgi10,0.57421875,0.74609375,0.1703125,0.3296875,0.05614990234375,0.5165876777251185,124.9077197265625,76.86314625312484
train,C:\Users\Ansagan\Documents\Ansagan\Ansagan\dataset\images\train\belgi10_211.jpg,C:\Users\Ansagan\Documents\Ansagan\Ansagan\dataset\labels\train\belgi10_211.txt,14,belgi10,0.52265625,0.45078125,0.3171875,0.4921875,0.15611572265625,0.6444444444444445,114.82880126953125,79.21371600178274
train,C:\Users\Ansagan\Documents\Ansagan\Ansagan\dataset\images\train\belgi10_212.jpg,C:\Users\Ansagan\Documents\Ansagan\Ansagan\dataset\labels\train\belgi10_212.txt,14,belgi10,0.484375,0.45234375000000004,0.3125,0.5015625,0.15673828125,0.6230529595015576,114.82916259765625,79.21316706554926
train,C:\Users\Ansagan\Documents\Ansagan\Ansagan\dataset\images\train\belgi10_214.jpg,C:\Users\Ansagan\Documents\Ansagan\Ansagan\dataset\labels\train\belgi10_214.txt,14,belgi10,0.55390625,0.5203125000000001,0.49843750000000003,0.3125,0.15576171875,1.5950000000000002,114.69419189453124,79.29801602908312
train,C:\Users\Ansagan\Documents\Ansagan\Ansagan\dataset\images\train\belgi10_215.jpg,C:\Users\Ansagan\Documents\Ansagan\Ansagan\dataset\labels\train\belgi10_215.txt,14,belgi10,0.5203125000000001,0.446875,0.31562500000000004,0.5,0.15781250000000002,0.6312500000000001,140.1709033203125,79.21344426305451
train,C:\Users\Ansagan\Documents\Ansagan\Ansagan\dataset\images\train\belgi10_216.jpg,C:\Users\Ansagan\Documents\Ansagan\Ansagan\dataset\labels\train\belgi10_216.txt,14,belgi10,0.37578125,0.44921875,0.3171875,0.4890625,0.15512451171875,0.6485623003194888,117.74005126953125,75.97732624871463
train,C:\Users\Ansagan\Documents\Ansagan\Ansagan\dataset\images\train\belgi10_217.jpg,C:\Users\Ansagan\Documents\Ansagan\Ansagan\dataset\labels\train\belgi10_217.txt,14,belgi10,0.6234375000000001,0.45156250000000003,0.309375,0.5,0.1546875,0.61875,117.73976318359375,75.9773492339895
train,C:\Users\Ansagan\Documents\Ansagan\Ansagan\dataset\images\train\belgi10_218.jpg,C:\Users\Ansagan\Documents\Ansagan\Ansagan\dataset\labels\train\belgi10_218.txt,14,belgi10,0.45,0.62421875,0.49375,0.3140625,0.15506835937500002,1.572139303482587,117.672626953125,76.04651398834008
train,C:\Users\Ansagan\Documents\Ansagan\Ansagan\dataset\images\train\belgi10_22.jpg,C:\Users\Ansagan\Documents\Ansagan\Ansagan\dataset\labels\train\belgi10_22.txt,14,belgi10,0.7015625000000001,0.47968750000000004,0.21250000000000002,0.34375,0.07304687500000001,0.6181818181818183,122.7657177734375,78.74286602435133
train,C:\Users\Ansagan\Documents\Ansagan\Ansagan\dataset\images\train\belgi10_220.jpg,C:\Users\Ansagan\Documents\Ansagan\Ansagan\dataset\labels\train\belgi10_220.txt,14,belgi10,0.375,0.44609375,0.31875000000000003,0.4921875,0.156884765625,0.6476190476190476,137.26038818359376,75.97770892930497
train,C:\Users\Ansagan\Documents\Ansagan\Ansagan\dataset\images\train\belgi10_221.jpg,C:\Users\Ansagan\Documents\Ansagan\Ansagan\dataset\labels\train\belgi10_221.txt,14,belgi10,0.2421875,0.446875,0.3125,0.50625,0.158203125,0.617283950617284,129.44403076171875,76.12698332457826
train,C:\Users\Ansagan\Documents\Ansagan\Ansagan\dataset\images\train\belgi10_223.jpg,C:\Users\Ansagan\Documents\Ansagan\Ansagan\dataset\labels\train\belgi10_223.txt,14,belgi10,0.44375000000000003,0.7585937500000001,0.5,0.3046875,0.15234375,1.641025641025641,129.3512744140625,76.2264198288155
train,C:\Users\Ansagan\Documents\Ansagan\Ansagan\dataset\images\train\belgi10_224.jpg,C:\Users\Ansagan\Documents\Ansagan\Ansagan\dataset\labels\train\belgi10_224.txt,14,belgi10,0.5554687500000001,0.2390625,0.5046875000000001,0.30312500000000003,0.15298339843750003,1.6649484536082475,129.242236328125,76.26227906560416
train,C:\Users\Ansagan\Documents\Ansagan\Ansagan\dataset\images\train\belgi10_225.jpg,C:\Users\Ansagan\Documents\Ansagan\Ansagan\dataset\labels\train\belgi10_225.txt,14,belgi10,0.24453125,0.4453125,0.3140625,0.5,0.15703125,0.628125,125.5558740234375,76.127066488319
train,C:\Users\Ansagan\Documents\Ansagan\Ansagan\dataset\images\train\belgi10_226.jpg,C:\Users\Ansagan\Documents\Ansagan\Ansagan\dataset\labels\train\belgi10_226.txt,14,belgi10,0.16640625,0.4453125,0.2984375,0.496875,0.14828613281250003,0.60062893081761,142.498642578125,76.90124230136561
train,C:\Users\Ansagan\Documents\Ansagan\Ansagan\dataset\images\train\belgi10_227.jpg,C:\Users\Ansagan\Documents\Ansagan\Ansagan\dataset\labels\train\belgi10_227.txt,14,belgi10,0.8382812500000001,0.4453125,0.29531250000000003,0.49375,0.14581054687500003,0.5981012658227849,142.49830322265626,76.90128524870177
train,C:\Users\Ansagan\Documents\Ansagan\Ansagan\dataset\images\train\belgi10_228.jpg,C:\Users\Ansagan\Documents\Ansagan\Ansagan\dataset\labels\train\belgi10_228.txt,14,belgi10,0.4453125,0.8390625,0.503125,0.29375,0.14779296875000003,1.7127659574468086,142.17166259765625,77.02525218928959
train,C:\Users\Ansagan\Documents\Ansagan\Ansagan\dataset\images\train\belgi10_229.jpg,C:\Users\Ansagan\Documents\Ansagan\Ansagan\dataset\labels\train\belgi10_229.txt,14,belgi10,0.5554687500000001,0.16484375,0.49531250000000004,0.2890625,0.14317626953125,1.7135135135135138,142.28040283203126,77.05961692278872
train,C:\Users\Ansagan\Documents\Ansagan\Ansagan\dataset\images\train\belgi10_231.jpg,C:\Users\Ansagan\Documents\Ansagan\Ansagan\dataset\labels\train\belgi10_231.txt,14,belgi10,0.1875,0.7367187500000001,0.309375,0.5109375,0.1580712890625,0.6055045871559632,149.46153076171876,70.06826512019292
train,C:\Users\Ansagan\Documents\Ansagan\Ansagan\dataset\images\train\belgi10_232.jpg,C:\Users\Ansagan\Documents\Ansagan\Ansagan\dataset\labels\train\belgi10_232.txt,14,belgi10,0.8140625,0.7359375,0.309375,0.515625,0.159521484375,0.6,149.4611572265625,70.06811477438099
train,C:\Users\Ansagan\Documents\Ansagan\Ansagan\dataset\images\train\belgi10_234.jpg,C:\Users\Ansagan\Documents\Ansagan\Ansagan\dataset\labels\train\belgi10_234.txt,14,belgi10,0.2671875,0.18515625000000002,0.515625,0.30781250000000004,0.15871582031250003,1.6751269035532992,149.19181396484376,70.27369486042757
train,C:\Users\Ansagan\Documents\Ansagan\Ansagan\dataset\images\train\belgi10_235.jpg,C:\Users\Ansagan\Documents\Ansagan\Ansagan\dataset\labels\train\belgi10_235.txt,14,belgi10,0.18671875000000002,0.73359375,0.31093750000000003,0.5171875,0.16081298828125,0.6012084592145015,105.53864501953124,70.06802547569373
train,C:\Users\Ansagan\Documents\Ansagan\Ansagan\dataset\images\train\belgi10_237.jpg,C:\Users\Ansagan\Documents\Ansagan\Ansagan\dataset\labels\train\belgi10_237.txt,14,belgi10,0.596875,0.6492187500000001,0.30625,0.49531250000000004,0.151689453125,0.6182965299684543,137.853896484375,72.71867913654843
train,C:\Users\Ansagan\Documents\Ansagan\Ansagan\dataset\images\train\belgi10_238.jpg,C:\Users\Ansagan\Documents\Ansagan\Ansagan\dataset\labels\train\belgi10_238.txt,14,belgi10,0.6484375,0.5984375000000001,0.496875,0.309375,0.153720703125,1.606060606060606,137.751025390625,72.84205713071613
train,C:\Users\Ansagan\Documents\Ansagan\Ansagan\dataset\images\train\belgi10_239.jpg,C:\Users\Ansagan\Documents\Ansagan\Ansagan\dataset\labels\train\belgi10_239.txt,14,belgi10,0.35390625000000003,0.40234375,0.5015625,0.31093750000000003,0.15595458984375002,1.6130653266331658,137.64033935546874,72.87499123728287
train,C:\Users\Ansagan\Documents\Ansagan\Ansagan\dataset\images\train\belgi10_240.jpg,C:\Users\Ansagan\Documents\Ansagan\Ansagan\dataset\labels\train\belgi10_240.txt,14,belgi10,0.40468750000000003,0.64765625,0.3125,0.5015625,0.15673828125,0.6230529595015576,117.1458642578125,72.71867968400883
train,C:\Users\Ansagan\Documents\Ansagan\Ansagan\dataset\images\train\belgi10_241.jpg,C:\Users\Ansagan\Documents\Ansagan\Ansagan\dataset\labels\train\belgi10_241.txt,14,belgi10,0.634375,0.6796875,0.31875000000000003,0.5281250000000001,0.16833984375000005,0.6035502958579881,120.5795703125,79.35234264846719
train,C:\Users\Ansagan\Documents\Ansagan\Ansagan\dataset\images\train\belgi10_242.jpg,C:\Users\Ansagan\Documents\Ansagan\Ansagan\dataset\labels\train\belgi10_242.txt,14,belgi10,0.36953125000000003,0.6734375,0.3171875,0.515625,0.1635498046875,0.6151515151515152,120.57950439453126,79.35277775386552
train,C:\Users\Ansagan\Documents\Ansagan\Ansagan\dataset\images\train\belgi10_243.jpg,C:\Users\Ansagan\Documents\Ansagan\Ansagan\dataset\labels\train\belgi10_243.txt,14,belgi10,0.6726562500000001,0.371875,0.5296875,0.3125,0.16552734375,1.6949999999999998,120.48711669921875,79.43535362362041
train,C:\Users\Ansagan\Documents\Ansagan\Ansagan\dataset\images\train\belgi10_244.jpg,C:\Users\Ansagan\Documents\Ansagan\Ansagan\dataset\labels\train\belgi10_244.txt,14,belgi10,0.32656250000000003,0.6312500000000001,0.515625,0.3125,0.1611328125,1.65,120.396318359375,79.44285413039377
train,C:\Users\Ansagan\Documents\Ansagan\Ansagan\dataset\images\train\belgi10_246.jpg,C:\Users\Ansagan\Documents\Ansagan\Ansagan\dataset\labels\train\belgi10_246.txt,14,belgi10,0.7898437500000001,0.7453125,0.2890625,0.50625,0.146337890625,0.5709876543209876,119.15623779296875,85.00120286606438
train,C:\Users\Ansagan\Documents\Ansagan\Ansagan\dataset\images\train\belgi10_247.jpg,C:\Users\Ansagan\Documents\Ansagan\Ansagan\dataset\labels\train\belgi10_247.txt,14,belgi10,0.21328125,0.74765625,0.2859375,0.5046875000000001,0.14430908203125004,0.56656346749226,119.15652099609375,85.0009496770595
train,C:\Users\Ansagan\Documents\Ansagan\Ansagan\dataset\images\train\belgi10_248.jpg,C:\Users\Ansagan\Documents\Ansagan\Ansagan\dataset\labels\train\belgi10_248.txt,14,belgi10,0.74765625,0.21328125,0.5046875000000001,0.2890625,0.14588623046875002,1.745945945945946,119.0542578125,85.08252964628906
train,C:\Users\Ansagan\Documents\Ansagan\Ansagan\dataset\images\train\belgi10_249.jpg,C:\Users\Ansagan\Documents\Ansagan\Ansagan\dataset\labels\train\belgi10_249.txt,14,belgi10,0.253125,0.7875000000000001,0.503125,0.28125,0.14150390625,1.788888888888889,118.94845458984375,85.07273724219344
train,C:\Users\Ansagan\Documents\Ansagan\Ansagan\dataset\images\train\belgi10_25.jpg,C:\Users\Ansagan\Documents\Ansagan\Ansagan\dataset\labels\train\belgi10_25.txt,14,belgi10,0.2984375,0.478125,0.21875,0.34375,0.0751953125,0.6363636363636364,132.23410888671876,78.7429170001793
train,C:\Users\Ansagan\Documents\Ansagan\Ansagan\dataset\images\train\belgi10_251.jpg,C:\Users\Ansagan\Documents\Ansagan\Ansagan\dataset\labels\train\belgi10_251.txt,14,belgi10,0.62109375,0.32890625,0.3015625,0.48281250000000003,0.14559814453125003,0.6245954692556634,125.72766845703126,84.75172091082936
train,C:\Users\Ansagan\Documents\Ansagan\Ansagan\dataset\images\train\belgi10_253.jpg,C:\Users\Ansagan\Documents\Ansagan\Ansagan\dataset\labels\train\belgi10_253.txt,14,belgi10,0.33203125,0.3828125,0.49531250000000004,0.30312500000000003,0.15014160156250003,1.634020618556701,125.63179931640624,84.83881392199089
train,C:\Users\Ansagan\Documents\Ansagan\Ansagan\dataset\images\train\belgi10_254.jpg,C:\Users\Ansagan\Documents\Ansagan\Ansagan\dataset\labels\train\belgi10_254.txt,14,belgi10,0.671875,0.6179687500000001,0.49375,0.3015625,0.148896484375,1.6373056994818653,125.48287353515624,84.82171309486895
train,C:\Users\Ansagan\Documents\Ansagan\Ansagan\dataset\images\train\belgi10_255.jpg,C:\Users\Ansagan\Documents\Ansagan\Ansagan\dataset\labels\train\belgi10_255.txt,14,belgi10,0.6179687500000001,0.33046875000000003,0.3046875,0.4921875,0.14996337890625,0.6190476190476191,129.2729443359375,84.75234281550927
train,C:\Users\Ansagan\Documents\Ansagan\Ansagan\dataset\images\train\belgi10_258.jpg,C:\Users\Ansagan\Documents\Ansagan\Ansagan\dataset\labels\train\belgi10_258.txt,14,belgi10,0.415625,0.79609375,0.5281250000000001,0.2890625,0.15266113281250002,1.8270270270270272,131.6795654296875,75.8068004762367
train,C:\Users\Ansagan\Documents\Ansagan\Ansagan\dataset\images\train\belgi10_259.jpg,C:\Users\Ansagan\Documents\Ansagan\Ansagan\dataset\labels\train\belgi10_259.txt,14,belgi10,0.58984375,0.20546875,0.5265625,0.2890625,0.15220947265625,1.8216216216216217,131.63774658203124,75.82985091341676
train,C:\Users\Ansagan\Documents\Ansagan\Ansagan\dataset\images\train\belgi10_26.jpg,C:\Users\Ansagan\Documents\Ansagan\Ansagan\dataset\labels\train\belgi10_26.txt,14,belgi10,0.21953125,0.43046875,0.19843750000000002,0.3359375,0.06666259765625,0.5906976744186047,122.928701171875,77.09692037507632
train,C:\Users\Ansagan\Documents\Ansagan\Ansagan\dataset\images\train\belgi10_260.jpg,C:\Users\Ansagan\Documents\Ansagan\Ansagan\dataset\labels\train\belgi10_260.txt,14,belgi10,0.20625000000000002,0.41796875,0.290625,0.5171875,0.15030761718750002,0.5619335347432024,123.1476513671875,75.70658535597327
train,C:\Users\Ansagan\Documents\Ansagan\Ansagan\dataset\images\train\belgi10_27.jpg,C:\Users\Ansagan\Documents\Ansagan\Ansagan\dataset\labels\train\belgi10_27.txt,14,belgi10,0.784375,0.43125,0.2,0.33437500000000003,0.066875,0.5981308411214953,122.9281689453125,77.09817764106373
train,C:\Users\Ansagan\Documents\Ansagan\Ansagan\dataset\images\train\belgi10_29.jpg,C:\Users\Ansagan\Documents\Ansagan\Ansagan\dataset\labels\train\belgi10_29.txt,14,belgi10,0.5750000000000001,0.21640625000000002,0.340625,0.19843750000000002,0.0675927734375,1.716535433070866,122.71442138671875,77.18060286766224
train,C:\Users\Ansagan\Documents\Ansagan\Ansagan\dataset\images\train\belgi10_30.jpg,C:\Users\Ansagan\Documents\Ansagan\Ansagan\dataset\labels\train\belgi10_30.txt,14,belgi10,0.21796875000000002,0.43359375,0.2015625,0.33906250000000004,0.06834228515625002,0.5944700460829493,132.071826171875,77.09804607244294
train,C:\Users\Ansagan\Documents\Ansagan\Ansagan\dataset\images\train\belgi10_31.jpg,C:\Users\Ansagan\Documents\Ansagan\Ansagan\dataset\labels\train\belgi10_31.txt,14,belgi10,0.32265625000000003,0.33437500000000003,0.22031250000000002,0.36875,0.08124023437500001,0.5974576271186441,120.2184326171875,81.65329508194158
train,C:\Users\Ansagan\Documents\Ansagan\Ansagan\dataset\images\train\belgi10_32.jpg,C:\Users\Ansagan\Documents\Ansagan\Ansagan\dataset\labels\train\belgi10_32.txt,14,belgi10,0.6765625000000001,0.3375,0.215625,0.36562500000000003,0.07883789062500002,0.5897435897435898,120.21864013671875,81.65305205483456
train,C:\Users\Ansagan\Documents\Ansagan\Ansagan\dataset\images\train\belgi10_33.jpg,C:\Users\Ansagan\Documents\Ansagan\Ansagan\dataset\labels\train\belgi10_33.txt,14,belgi10,0.33671875,0.6781250000000001,0.37031250000000004,0.215625,0.07984863281250001,1.7173913043478262,120.11423583984374,81.74242235687998
train,C:\Users\Ansagan\Documents\Ansagan\Ansagan\dataset\images\train\belgi10_34.jpg,C:\Users\Ansagan\Documents\Ansagan\Ansagan\dataset\labels\train\belgi10_34.txt,14,belgi10,0.6664062500000001,0.32343750000000004,0.3640625,0.21875,0.079638671875,1.6642857142857144,120.0058740234375,81.73134209071189
train,C:\Users\Ansagan\Documents\Ansagan\Ansagan\dataset\images\train\belgi10_35.jpg,C:\Users\Ansagan\Documents\Ansagan\Ansagan\dataset\labels\train\belgi10_35.txt,14,belgi10,0.32578125,0.3359375,0.22031250000000002,0.36562500000000003,0.08055175781250001,0.6025641025641025,134.78127685546875,81.65307664931755
train,C:\Users\Ansagan\Documents\Ansagan\Ansagan\dataset\images\train\belgi10_36.jpg,C:\Users\Ansagan\Documents\Ansagan\Ansagan\dataset\labels\train\belgi10_36.txt,14,belgi10,0.61640625,0.38828125,0.22031250000000002,0.3765625,0.08296142578125001,0.5850622406639004,113.69025146484375,79.7055517585691
val,C:\Users\Ansagan\Documents\Ansagan\Ansagan\dataset\images\val\basty_101.jpg,C:\Users\Ansagan\Documents\Ansagan\Ansagan\dataset\labels\val\basty_101.txt,2,basty,0.442188,0.200781,0.253125,0.332813,0.08424329062500001,0.7605622376529763,149.4224755859375,72.97041259297265
val,C:\Users\Ansagan\Documents\Ansagan\Ansagan\dataset\images\val\basty_102.jpg,C:\Users\Ansagan\Documents\Ansagan\Ansagan\dataset\labels\val\basty_102.txt,2,basty,0.560937,0.198437,0.25625,0.325,0.08328125,0.7884615384615383,149.423505859375,72.97103344402242
val,C:\Users\Ansagan\Documents\Ansagan\Ansagan\dataset\images\val\basty_108.jpg,C:\Users\Ansagan\Documents\Ansagan\Ansagan\dataset\labels\val\basty_108.txt,2,basty,0.385156,0.657813,0.248438,0.325,0.08074235,0.7644246153846154,114.90333984375,72.3923042891353
val,C:\Users\Ansagan\Documents\Ansagan\Ansagan\dataset\images\val\basty_110.jpg,C:\Users\Ansagan\Documents\Ansagan\Ansagan\dataset\labels\val\basty_110.txt,2,basty,0.799219,0.658594,0.264062,0.348438,0.09200923515600001,0.7578450111641095,143.2029638671875,74.83514167616745
val,C:\Users\Ansagan\Documents\Ansagan\Ansagan\dataset\images\val\basty_114.jpg,C:\Users\Ansagan\Documents\Ansagan\Ansagan\dataset\labels\val\basty_114.txt,2,basty,0.271094,0.53125,0.279687,0.3875,0.10837871250000002,0.7217729032258065,132.78798828125,79.64486075683996
val,C:\Users\Ansagan\Documents\Ansagan\Ansagan\dataset\images\val\basty_122.jpg,C:\Users\Ansagan\Documents\Ansagan\Ansagan\dataset\labels\val\basty_122.txt,2,basty,0.744531,0.791406,0.264062,0.342187,0.09035858359400001,0.7716891641120206,143.41206298828126,77.4380384647084
val,C:\Users\Ansagan\Documents\Ansagan\Ansagan\dataset\images\val\basty_125.jpg,C:\Users\Ansagan\Documents\Ansagan\Ansagan\dataset\labels\val\basty_125.txt,2,basty,0.788281,0.477344,0.279687,0.395313,0.11056390703100001,0.7075077217293638,122.47841064453125,82.15361615995697
val,C:\Users\Ansagan\Documents\Ansagan\Ansagan\dataset\images\val\basty_136.jpg,C:\Users\Ansagan\Documents\Ansagan\Ansagan\dataset\labels\val\basty_136.txt,2,basty,0.30625,0.814844,0.253125,0.348438,0.08819836875,0.7264563566545554,105.348798828125,76.52155221658347
val,C:\Users\Ansagan\Documents\Ansagan\Ansagan\dataset\images\val\basty_14.jpg,C:\Users\Ansagan\Documents\Ansagan\Ansagan\dataset\labels\val\basty_14.txt,2,basty,0.778125,0.425781,0.3375,0.420312,0.14185530000000002,0.8029749329069834,142.39033203125,64.9798021825754
val,C:\Users\Ansagan\Documents\Ansagan\Ansagan\dataset\images\val\basty_142.jpg,C:\Users\Ansagan\Documents\Ansagan\Ansagan\dataset\labels\val\basty_142.txt,2,basty,0.79375,0.496094,0.2625,0.348438,0.091464975,0.7533621476417612,131.41964599609375,76.71710040405549
val,C:\Users\Ansagan\Documents\Ansagan\Ansagan\dataset\images\val\basty_144.jpg,C:\Users\Ansagan\Documents\Ansagan\Ansagan\dataset\labels\val\basty_144.txt,2,basty,0.201563,0.494531,0.265625,0.351562,0.09338365625,0.7555566301249851,123.58387451171875,76.7173189544987
val,C:\Users\Ansagan\Documents\Ansagan\Ansagan\dataset\images\val\basty_145.jpg,C:\Users\Ansagan\Documents\Ansagan\Ansagan\dataset\labels\val\basty_145.txt,2,basty,0.2625,0.782813,0.278125,0.35625,0.09908203125000001,0.7807017543859649,139.84624755859375,75.8619643310099
val,C:\Users\Ansagan\Documents\Ansagan\Ansagan\dataset\images\val\basty_147.jpg,C:\Users\Ansagan\Documents\Ansagan\Ansagan\dataset\labels\val\basty_147.txt,2,basty,0.263281,0.217969,0.279687,0.357812,0.10007536484400001,0.7816590835410775,139.84587158203124,75.85943467941212
val,C:\Users\Ansagan\Documents\Ansagan\Ansagan\dataset\images\val\basty_150.jpg,C:\Users\Ansagan\Documents\Ansagan\Ansagan\dataset\labels\val\basty_150.txt,2,basty,0.18125,0.715625,0.284375,0.396875,0.112861328125,0.7165354330708662,126.60525390625,81.39882350202402
val,C:\Users\Ansagan\Documents\Ansagan\Ansagan\dataset\images\val\basty_151.jpg,C:\Users\Ansagan\Documents\Ansagan\Ansagan\dataset\labels\val\basty_151.txt,2,basty,0.813281,0.282813,0.289062,0.396875,0.11472148125,0.7283451968503937,126.60353271484375,81.4005918062433
val,C:\Users\Ansagan\Documents\Ansagan\Ansagan\dataset\images\val\basty_157.jpg,C:\Users\Ansagan\Documents\Ansagan\Ansagan\dataset\labels\val\basty_157.txt,2,basty,0.547656,0.345313,0.364063,0.475,0.172929925,0.7664484210526317,141.6745849609375,70.29223533375799
val,C:\Users\Ansagan\Documents\Ansagan\Ansagan\dataset\images\val\basty_162.jpg,C:\Users\Ansagan\Documents\Ansagan\Ansagan\dataset\labels\val\basty_162.txt,2,basty,0.75625,0.425781,0.359375,0.473438,0.17014178125,0.7590751059272808,138.662314453125,60.72379632525555
val,C:\Users\Ansagan\Documents\Ansagan\Ansagan\dataset\images\val\basty_168.jpg,C:\Users\Ansagan\Documents\Ansagan\Ansagan\dataset\labels\val\basty_168.txt,2,basty,0.330469,0.767188,0.367188,0.465625,0.17097191250000002,0.788591677852349,101.14882080078125,60.434002761455396
val,C:\Users\Ansagan\Documents\Ansagan\Ansagan\dataset\images\val\basty_170.jpg,C:\Users\Ansagan\Documents\Ansagan\Ansagan\dataset\labels\val\basty_170.txt,2,basty,0.865625,0.761719,0.26875,0.457813,0.12303724375,0.5870300755985521,145.001552734375,72.51534120103882
val,C:\Users\Ansagan\Documents\Ansagan\Ansagan\dataset\images\val\basty_175.jpg,C:\Users\Ansagan\Documents\Ansagan\Ansagan\dataset\labels\val\basty_175.txt,2,basty,0.646875,0.2875,0.365625,0.496875,0.181669921875,0.7358490566037735,141.57197509765626,72.06137300760767
val,C:\Users\Ansagan\Documents\Ansagan\Ansagan\dataset\images\val\basty_21.jpg,C:\Users\Ansagan\Documents\Ansagan\Ansagan\dataset\labels\val\basty_21.txt,2,basty,0.816406,0.767188,0.289062,0.4125,0.11923807499999999,0.7007563636363636,127.35694091796876,82.94369179575035
val,C:\Users\Ansagan\Documents\Ansagan\Ansagan\dataset\images\val\basty_31.jpg,C:\Users\Ansagan\Documents\Ansagan\Ansagan\dataset\labels\val\basty_31.txt,2,basty,0.36875,0.203125,0.28125,0.365625,0.10283203125,0.7692307692307693,143.8649560546875,67.14560194673277
val,C:\Users\Ansagan\Documents\Ansagan\Ansagan\dataset\images\val\basty_42.jpg,C:\Users\Ansagan\Documents\Ansagan\Ansagan\dataset\labels\val\basty_42.txt,2,basty,0.120313,0.689063,0.234375,0.3875,0.0908203125,0.6048387096774194,139.432333984375,81.48887605270899
val,C:\Users\Ansagan\Documents\Ansagan\Ansagan\dataset\images\val\basty_45.jpg,C:\Users\Ansagan\Documents\Ansagan\Ansagan\dataset\labels\val\basty_45.txt,2,basty,0.884375,0.303906,0.23125,0.335938,0.0776856625,0.6883710684709679,138.48841796875,81.3911181212091
val,C:\Users\Ansagan\Documents\Ansagan\Ansagan\dataset\images\val\basty_57.jpg,C:\Users\Ansagan\Documents\Ansagan\Ansagan\dataset\labels\val\basty_57.txt,2,basty,0.703906,0.560937,0.273438,0.375,0.10253925,0.729168,131.33652099609375,75.6398966036379
val,C:\Users\Ansagan\Documents\Ansagan\Ansagan\dataset\images\val\basty_8.jpg,C:\Users\Ansagan\Documents\Ansagan\Ansagan\dataset\labels\val\basty_8.txt,2,basty,0.692187,0.382031,0.25,0.342187,0.08554675,0.730594674841534,128.78460205078125,77.14504052782576
val,C:\Users\Ansagan\Documents\Ansagan\Ansagan\dataset\images\val\basty_80.jpg,C:\Users\Ansagan\Documents\Ansagan\Ansagan\dataset\labels\val\basty_80.txt,2,basty,0.804688,0.346094,0.390625,0.648438,0.25329609375,0.6024091740459381,114.95249755859375,78.83476952213347
val,C:\Users\Ansagan\Documents\Ansagan\Ansagan\dataset\images\val\basty_81.jpg,C:\Users\Ansagan\Documents\Ansagan\Ansagan\dataset\labels\val\basty_81.txt,2,basty,0.186719,0.397656,0.370312,0.620313,0.22970934765599998,0.5969760427397136,141.523203125,61.66618824881612
val,C:\Users\Ansagan\Documents\Ansagan\Ansagan\dataset\images\val\basty_84.jpg,C:\Users\Ansagan\Documents\Ansagan\Ansagan\dataset\labels\val\basty_84.txt,2,basty,0.194531,0.396875,0.385937,0.625,0.24121062499999998,0.6174991999999999,113.47805419921875,61.66755005913475
val,C:\Users\Ansagan\Documents\Ansagan\Ansagan\dataset\images\val\basty_85.jpg,C:\Users\Ansagan\Documents\Ansagan\Ansagan\dataset\labels\val\basty_85.txt,2,basty,0.557031,0.905469,0.326562,0.189062,0.061740464844000004,1.7272746506437042,140.4186669921875,71.22404842744454
val,C:\Users\Ansagan\Documents\Ansagan\Ansagan\dataset\images\val\basty_87.jpg,C:\Users\Ansagan\Documents\Ansagan\Ansagan\dataset\labels\val\basty_87.txt,2,basty,0.5625,0.09375,0.340625,0.184375,0.062802734375,1.847457627118644,140.41854248046874,71.22590097809407
val,C:\Users\Ansagan\Documents\Ansagan\Ansagan\dataset\images\val\basty_92.jpg,C:\Users\Ansagan\Documents\Ansagan\Ansagan\dataset\labels\val\basty_92.txt,2,basty,0.265625,0.616406,0.2625,0.348438,0.091464975,0.7533621476417612,121.75092041015625,73.59688105655331
val,C:\Users\Ansagan\Documents\Ansagan\Ansagan\dataset\images\val\belgi10_104.jpg,C:\Users\Ansagan\Documents\Ansagan\Ansagan\dataset\labels\val\belgi10_104.txt,14,belgi10,0.3953125,0.5828125000000001,0.42812500000000003,0.23125,0.09900390625000001,1.8513513513513513,126.42640625,79.8856627332286
val,C:\Users\Ansagan\Documents\Ansagan\Ansagan\dataset\images\val\belgi10_110.jpg,C:\Users\Ansagan\Documents\Ansagan\Ansagan\dataset\labels\val\belgi10_110.txt,14,belgi10,0.77265625,0.60078125,0.22031250000000002,0.4078125,0.08984619140625001,0.5402298850574713,138.5580615234375,82.34717976699777
val,C:\Users\Ansagan\Documents\Ansagan\Ansagan\dataset\images\val\belgi10_117.jpg,C:\Users\Ansagan\Documents\Ansagan\Ansagan\dataset\labels\val\belgi10_117.txt,14,belgi10,0.3515625,0.64609375,0.253125,0.3921875,0.0992724609375,0.6454183266932271,120.80540283203125,80.92579935097683
val,C:\Users\Ansagan\Documents\Ansagan\Ansagan\dataset\images\val\belgi10_12.jpg,C:\Users\Ansagan\Documents\Ansagan\Ansagan\dataset\labels\val\belgi10_12.txt,14,belgi10,0.603125,0.6984375,0.20625000000000002,0.328125,0.06767578125000001,0.6285714285714287,125.745849609375,73.60490591772447
val,C:\Users\Ansagan\Documents\Ansagan\Ansagan\dataset\images\val\belgi10_120.jpg,C:\Users\Ansagan\Documents\Ansagan\Ansagan\dataset\labels\val\belgi10_120.txt,14,belgi10,0.65234375,0.64765625,0.2515625,0.3953125,0.09944580078125001,0.6363636363636364,134.19462646484374,80.9260289526373
val,C:\Users\Ansagan\Documents\Ansagan\Ansagan\dataset\images\val\belgi10_126.jpg,C:\Users\Ansagan\Documents\Ansagan\Ansagan\dataset\labels\val\belgi10_126.txt,14,belgi10,0.23203125000000002,0.37734375000000003,0.2515625,0.4140625,0.10416259765625001,0.6075471698113208,121.67857177734375,80.11550464048781
val,C:\Users\Ansagan\Documents\Ansagan\Ansagan\dataset\images\val\belgi10_132.jpg,C:\Users\Ansagan\Documents\Ansagan\Ansagan\dataset\labels\val\belgi10_132.txt,14,belgi10,0.8382812500000001,0.32734375000000004,0.2515625,0.42031250000000003,0.10573486328125002,0.5985130111524164,122.573369140625,78.70450532202607
val,C:\Users\Ansagan\Documents\Ansagan\Ansagan\dataset\images\val\belgi10_134.jpg,C:\Users\Ansagan\Documents\Ansagan\Ansagan\dataset\labels\val\belgi10_134.txt,14,belgi10,0.6796875,0.1609375,0.415625,0.25,0.10390625,1.6625,122.30035400390625,78.80190966386257
val,C:\Users\Ansagan\Documents\Ansagan\Ansagan\dataset\images\val\belgi10_135.jpg,C:\Users\Ansagan\Documents\Ansagan\Ansagan\dataset\labels\val\belgi10_135.txt,14,belgi10,0.15781250000000002,0.32265625000000003,0.253125,0.4265625,0.1079736328125,0.5934065934065934,132.42663330078125,78.70518692171522
val,C:\Users\Ansagan\Documents\Ansagan\Ansagan\dataset\images\val\belgi10_137.jpg,C:\Users\Ansagan\Documents\Ansagan\Ansagan\dataset\labels\val\belgi10_137.txt,14,belgi10,0.76328125,0.5515625000000001,0.2328125,0.39687500000000003,0.09239746093750001,0.5866141732283464,130.56994384765625,77.4779156125335
val,C:\Users\Ansagan\Documents\Ansagan\Ansagan\dataset\images\val\belgi10_138.jpg,C:\Users\Ansagan\Documents\Ansagan\Ansagan\dataset\labels\val\belgi10_138.txt,14,belgi10,0.5515625000000001,0.76328125,0.403125,0.2390625,0.0963720703125,1.6862745098039216,130.46264892578125,77.58560098302554
val,C:\Users\Ansagan\Documents\Ansagan\Ansagan\dataset\images\val\belgi10_140.jpg,C:\Users\Ansagan\Documents\Ansagan\Ansagan\dataset\labels\val\belgi10_140.txt,14,belgi10,0.23828125,0.55,0.2421875,0.403125,0.09763183593750001,0.6007751937984496,124.4298779296875,77.4779618040971
val,C:\Users\Ansagan\Documents\Ansagan\Ansagan\dataset\images\val\belgi10_150.jpg,C:\Users\Ansagan\Documents\Ansagan\Ansagan\dataset\labels\val\belgi10_150.txt,14,belgi10,0.5734375,0.5710937500000001,0.26875,0.4390625,0.117998046875,0.6120996441281138,129.27626220703124,80.11400217640053
val,C:\Users\Ansagan\Documents\Ansagan\Ansagan\dataset\images\val\belgi10_157.jpg,C:\Users\Ansagan\Documents\Ansagan\Ansagan\dataset\labels\val\belgi10_157.txt,14,belgi10,0.2609375,0.34218750000000003,0.246875,0.403125,0.09952148437500001,0.6124031007751938,109.738076171875,83.28808206269188
val,C:\Users\Ansagan\Documents\Ansagan\Ansagan\dataset\images\val\belgi10_159.jpg,C:\Users\Ansagan\Documents\Ansagan\Ansagan\dataset\labels\val\belgi10_159.txt,14,belgi10,0.6570312500000001,0.73828125,0.4140625,0.24531250000000002,0.10157470703125,1.6878980891719744,109.51403564453125,83.31335698682862
val,C:\Users\Ansagan\Documents\Ansagan\Ansagan\dataset\images\val\belgi10_166.jpg,C:\Users\Ansagan\Documents\Ansagan\Ansagan\dataset\labels\val\belgi10_166.txt,14,belgi10,0.3375,0.5609375,0.23125,0.446875,0.10333984375000001,0.5174825174825175,115.36109130859376,73.84723645679058
val,C:\Users\Ansagan\Documents\Ansagan\Ansagan\dataset\images\val\belgi10_169.jpg,C:\Users\Ansagan\Documents\Ansagan\Ansagan\dataset\labels\val\belgi10_169.txt,14,belgi10,0.44062500000000004,0.3359375,0.45,0.23125,0.1040625,1.9459459459459458,115.17182861328125,73.92716910487816
val,C:\Users\Ansagan\Documents\Ansagan\Ansagan\dataset\images\val\belgi10_171.jpg,C:\Users\Ansagan\Documents\Ansagan\Ansagan\dataset\labels\val\belgi10_171.txt,14,belgi10,0.2546875,0.32578125,0.25,0.4890625,0.122265625,0.5111821086261981,117.799130859375,83.08356485050477
val,C:\Users\Ansagan\Documents\Ansagan\Ansagan\dataset\images\val\belgi10_173.jpg,C:\Users\Ansagan\Documents\Ansagan\Ansagan\dataset\labels\val\belgi10_173.txt,14,belgi10,0.325,0.74765625,0.49062500000000003,0.2390625,0.11729003906250002,2.0522875816993467,117.7074609375,83.16163996294564
val,C:\Users\Ansagan\Documents\Ansagan\Ansagan\dataset\images\val\belgi10_178.jpg,C:\Users\Ansagan\Documents\Ansagan\Ansagan\dataset\labels\val\belgi10_178.txt,14,belgi10,0.30000000000000004,0.909375,0.47500000000000003,0.18125000000000002,0.08609375000000001,2.6206896551724137,118.23101318359375,76.98003742346192
val,C:\Users\Ansagan\Documents\Ansagan\Ansagan\dataset\images\val\belgi10_2.jpg,C:\Users\Ansagan\Documents\Ansagan\Ansagan\dataset\labels\val\belgi10_2.txt,14,belgi10,0.49062500000000003,0.52890625,0.19687500000000002,0.3296875,0.06490722656250002,0.5971563981042655,118.52053466796875,77.1802703990747
val,C:\Users\Ansagan\Documents\Ansagan\Ansagan\dataset\images\val\belgi10_20.jpg,C:\Users\Ansagan\Documents\Ansagan\Ansagan\dataset\labels\val\belgi10_20.txt,14,belgi10,0.29609375,0.6648437500000001,0.2078125,0.3296875,0.06851318359375001,0.6303317535545023,127.56624755859374,71.65169922539158
val,C:\Users\Ansagan\Documents\Ansagan\Ansagan\dataset\images\val\belgi10_202.jpg,C:\Users\Ansagan\Documents\Ansagan\Ansagan\dataset\labels\val\belgi10_202.txt,14,belgi10,0.2921875,0.7000000000000001,0.15937500000000002,0.29375,0.046816406250000005,0.5425531914893618,123.42792724609374,79.02833118405636
val,C:\Users\Ansagan\Documents\Ansagan\Ansagan\dataset\images\val\belgi10_21.jpg,C:\Users\Ansagan\Documents\Ansagan\Ansagan\dataset\labels\val\belgi10_21.txt,14,belgi10,0.296875,0.478125,0.21875,0.34375,0.0751953125,0.6363636363636364,122.76590087890625,78.74253805696311
val,C:\Users\Ansagan\Documents\Ansagan\Ansagan\dataset\images\val\belgi10_213.jpg,C:\Users\Ansagan\Documents\Ansagan\Ansagan\dataset\labels\val\belgi10_213.txt,14,belgi10,0.44921875,0.48359375000000004,0.5015625,0.3140625,0.15752197265625,1.5970149253731343,114.76133056640624,79.2777816439748
val,C:\Users\Ansagan\Documents\Ansagan\Ansagan\dataset\images\val\belgi10_219.jpg,C:\Users\Ansagan\Documents\Ansagan\Ansagan\dataset\labels\val\belgi10_219.txt,14,belgi10,0.5515625000000001,0.37812500000000004,0.49375,0.30625,0.15121093750000003,1.6122448979591837,117.582216796875,76.08297253096984
val,C:\Users\Ansagan\Documents\Ansagan\Ansagan\dataset\images\val\belgi10_222.jpg,C:\Users\Ansagan\Documents\Ansagan\Ansagan\dataset\labels\val\belgi10_222.txt,14,belgi10,0.7562500000000001,0.446875,0.3125,0.49375,0.154296875,0.6329113924050632,129.44404052734376,76.12696662319048
val,C:\Users\Ansagan\Documents\Ansagan\Ansagan\dataset\images\val\belgi10_23.jpg,C:\Users\Ansagan\Documents\Ansagan\Ansagan\dataset\labels\val\belgi10_23.txt,14,belgi10,0.48359375000000004,0.7015625000000001,0.35468750000000004,0.20625000000000002,0.07315429687500001,1.7196969696969697,122.6605908203125,78.83910132725025
val,C:\Users\Ansagan\Documents\Ansagan\Ansagan\dataset\images\val\belgi10_230.jpg,C:\Users\Ansagan\Documents\Ansagan\Ansagan\dataset\labels\val\belgi10_230.txt,14,belgi10,0.16562500000000002,0.44609375,0.290625,0.5015625,0.14576660156250001,0.5794392523364487,112.50147705078125,76.90125969667537
val,C:\Users\Ansagan\Documents\Ansagan\Ansagan\dataset\images\val\belgi10_233.jpg,C:\Users\Ansagan\Documents\Ansagan\Ansagan\dataset\labels\val\belgi10_233.txt,14,belgi10,0.734375,0.815625,0.51875,0.309375,0.16048828125000003,1.676767676767677,149.2776171875,70.2516530401177
val,C:\Users\Ansagan\Documents\Ansagan\Ansagan\dataset\images\val\belgi10_236.jpg,C:\Users\Ansagan\Documents\Ansagan\Ansagan\dataset\labels\val\belgi10_236.txt,14,belgi10,0.40390625,0.6492187500000001,0.3140625,0.49531250000000004,0.15555908203125002,0.6340694006309148,137.85357177734375,72.71919351287065
val,C:\Users\Ansagan\Documents\Ansagan\Ansagan\dataset\images\val\belgi10_24.jpg,C:\Users\Ansagan\Documents\Ansagan\Ansagan\dataset\labels\val\belgi10_24.txt,14,belgi10,0.521875,0.2984375,0.35000000000000003,0.209375,0.07328125,1.6716417910447763,122.54951416015625,78.82484584673799
val,C:\Users\Ansagan\Documents\Ansagan\Ansagan\dataset\images\val\belgi10_245.jpg,C:\Users\Ansagan\Documents\Ansagan\Ansagan\dataset\labels\val\belgi10_245.txt,14,belgi10,0.6312500000000001,0.67578125,0.3125,0.5109375,0.15966796875,0.6116207951070336,134.420546875,79.35293052991366
val,C:\Users\Ansagan\Documents\Ansagan\Ansagan\dataset\images\val\belgi10_250.jpg,C:\Users\Ansagan\Documents\Ansagan\Ansagan\dataset\labels\val\belgi10_250.txt,14,belgi10,0.7921875,0.74921875,0.28750000000000003,0.5015625,0.14419921875000002,0.5732087227414331,135.843408203125,85.00110796328312
val,C:\Users\Ansagan\Documents\Ansagan\Ansagan\dataset\images\val\belgi10_252.jpg,C:\Users\Ansagan\Documents\Ansagan\Ansagan\dataset\labels\val\belgi10_252.txt,14,belgi10,0.3796875,0.33359375,0.309375,0.4921875,0.1522705078125,0.6285714285714286,125.72690185546875,84.75233118637237
val,C:\Users\Ansagan\Documents\Ansagan\Ansagan\dataset\images\val\belgi10_256.jpg,C:\Users\Ansagan\Documents\Ansagan\Ansagan\dataset\labels\val\belgi10_256.txt,14,belgi10,0.203125,0.41171875,0.29375,0.5296875,0.155595703125,0.5545722713864307,131.85189208984374,75.70705062760365
val,C:\Users\Ansagan\Documents\Ansagan\Ansagan\dataset\images\val\belgi10_257.jpg,C:\Users\Ansagan\Documents\Ansagan\Ansagan\dataset\labels\val\belgi10_257.txt,14,belgi10,0.7976562500000001,0.41796875,0.2921875,0.5234375,0.15294189453124998,0.5582089552238806,131.8521826171875,75.70684537182983
val,C:\Users\Ansagan\Documents\Ansagan\Ansagan\dataset\images\val\belgi10_28.jpg,C:\Users\Ansagan\Documents\Ansagan\Ansagan\dataset\labels\val\belgi10_28.txt,14,belgi10,0.42578125,0.784375,0.34218750000000003,0.19687500000000002,0.06736816406250001,1.7380952380952381,122.82480712890624,77.194309279212
val,C:\Users\Ansagan\Documents\Ansagan\Ansagan\dataset\images\val\belgi10_3.jpg,C:\Users\Ansagan\Documents\Ansagan\Ansagan\dataset\labels\val\belgi10_3.txt,14,belgi10,0.5296875,0.4921875,0.33437500000000003,0.2,0.066875,1.671875,118.41958984375,77.27051753359683
val,C:\Users\Ansagan\Documents\Ansagan\Ansagan\dataset\images\val\belgi10_39.jpg,C:\Users\Ansagan\Documents\Ansagan\Ansagan\dataset\labels\val\belgi10_39.txt,14,belgi10,0.61328125,0.6156250000000001,0.3796875,0.215625,0.08187011718750001,1.7608695652173914,113.4753955078125,79.76203450593029
val,C:\Users\Ansagan\Documents\Ansagan\Ansagan\dataset\images\val\belgi10_4.jpg,C:\Users\Ansagan\Documents\Ansagan\Ansagan\dataset\labels\val\belgi10_4.txt,14,belgi10,0.4734375,0.5085937500000001,0.33125000000000004,0.2015625,0.066767578125,1.6434108527131785,118.30294921875,77.25145341531557
val,C:\Users\Ansagan\Documents\Ansagan\Ansagan\dataset\images\val\belgi10_40.jpg,C:\Users\Ansagan\Documents\Ansagan\Ansagan\dataset\labels\val\belgi10_40.txt,14,belgi10,0.6140625000000001,0.390625,0.21250000000000002,0.371875,0.07902343750000002,0.5714285714285715,141.30960693359376,79.70516881625143
val,C:\Users\Ansagan\Documents\Ansagan\Ansagan\dataset\images\val\belgi10_43.jpg,C:\Users\Ansagan\Documents\Ansagan\Ansagan\dataset\labels\val\belgi10_43.txt,14,belgi10,0.38515625000000003,0.55625,0.37343750000000003,0.22187500000000002,0.08285644531250001,1.6830985915492958,118.968427734375,81.26394077679753
val,C:\Users\Ansagan\Documents\Ansagan\Ansagan\dataset\images\val\belgi10_46.jpg,C:\Users\Ansagan\Documents\Ansagan\Ansagan\dataset\labels\val\belgi10_46.txt,14,belgi10,0.7039062500000001,0.50546875,0.2078125,0.37343750000000003,0.07760498046875001,0.5564853556485355,118.021669921875,81.35777301899185
val,C:\Users\Ansagan\Documents\Ansagan\Ansagan\dataset\images\val\belgi10_5.jpg,C:\Users\Ansagan\Documents\Ansagan\Ansagan\dataset\labels\val\belgi10_5.txt,14,belgi10,0.50703125,0.53125,0.19843750000000002,0.325,0.0644921875,0.6105769230769231,136.47915771484375,77.18029850118462
val,C:\Users\Ansagan\Documents\Ansagan\Ansagan\dataset\images\val\belgi10_69.jpg,C:\Users\Ansagan\Documents\Ansagan\Ansagan\dataset\labels\val\belgi10_69.txt,14,belgi10,0.43671875000000004,0.31093750000000003,0.3359375,0.171875,0.0577392578125,1.9545454545454546,117.29992431640625,74.29638721576295
val,C:\Users\Ansagan\Documents\Ansagan\Ansagan\dataset\images\val\belgi10_72.jpg,C:\Users\Ansagan\Documents\Ansagan\Ansagan\dataset\labels\val\belgi10_72.txt,14,belgi10,0.571875,0.5265625,0.178125,0.33437500000000003,0.05956054687500001,0.5327102803738317,112.91865966796875,77.60036905706927
val,C:\Users\Ansagan\Documents\Ansagan\Ansagan\dataset\images\val\belgi10_73.jpg,C:\Users\Ansagan\Documents\Ansagan\Ansagan\dataset\labels\val\belgi10_73.txt,14,belgi10,0.5242187500000001,0.571875,0.33906250000000004,0.178125,0.06039550781250001,1.9035087719298247,112.82097900390625,77.68206188741783
val,C:\Users\Ansagan\Documents\Ansagan\Ansagan\dataset\images\val\belgi10_76.jpg,C:\Users\Ansagan\Documents\Ansagan\Ansagan\dataset\labels\val\belgi10_76.txt,14,belgi10,0.565625,0.36562500000000003,0.209375,0.38125000000000003,0.07982421875000001,0.5491803278688524,108.47887451171874,79.89529319068956
val,C:\Users\Ansagan\Documents\Ansagan\Ansagan\dataset\images\val\belgi10_78.jpg,C:\Users\Ansagan\Documents\Ansagan\Ansagan\dataset\labels\val\belgi10_78.txt,14,belgi10,0.36328125,0.44140625,0.3828125,0.2078125,0.07955322265625,1.8421052631578947,108.38656005859374,79.96605406219649
val,C:\Users\Ansagan\Documents\Ansagan\Ansagan\dataset\images\val\belgi10_81.jpg,C:\Users\Ansagan\Documents\Ansagan\Ansagan\dataset\labels\val\belgi10_81.txt,14,belgi10,0.45703125,0.359375,0.20468750000000002,0.390625,0.07995605468750001,0.524,114.837001953125,80.37391626040846
val,C:\Users\Ansagan\Documents\Ansagan\Ansagan\dataset\images\val\belgi10_87.jpg,C:\Users\Ansagan\Documents\Ansagan\Ansagan\dataset\labels\val\belgi10_87.txt,14,belgi10,0.7265625,0.38593750000000004,0.2,0.3875,0.07750000000000001,0.5161290322580645,125.64731689453124,82.02495851991345
val,C:\Users\Ansagan\Documents\Ansagan\Ansagan\dataset\images\val\belgi10_89.jpg,C:\Users\Ansagan\Documents\Ansagan\Ansagan\dataset\labels\val\belgi10_89.txt,14,belgi10,0.6117187500000001,0.27734375,0.3953125,0.2015625,0.07968017578125,1.9612403100775193,125.40123046875,82.11808431123369
val,C:\Users\Ansagan\Documents\Ansagan\Ansagan\dataset\images\val\belgi10_92.jpg,C:\Users\Ansagan\Documents\Ansagan\Ansagan\dataset\labels\val\belgi10_92.txt,14,belgi10,0.8,0.48359375000000004,0.20625000000000002,0.3953125,0.08153320312500001,0.5217391304347826,132.0145263671875,78.23000795381148
val,C:\Users\Ansagan\Documents\Ansagan\Ansagan\dataset\images\val\belgi11_101.jpg,C:\Users\Ansagan\Documents\Ansagan\Ansagan\dataset\labels\val\belgi11_101.txt,15,belgi11,0.55,0.42500000000000004,0.246875,0.41875,0.10337890625000001,0.5895522388059702,124.2049072265625,81.13948138721565
val,C:\Users\Ansagan\Documents\Ansagan\Ansagan\dataset\images\val\belgi11_115.jpg,C:\Users\Ansagan\Documents\Ansagan\Ansagan\dataset\labels\val\belgi11_115.txt,15,belgi11,0.22187500000000002,0.6351562500000001,0.265625,0.4234375,0.11247558593750001,0.6273062730627306,122.63409423828125,71.37514460077917
val,C:\Users\Ansagan\Documents\Ansagan\Ansagan\dataset\images\val\belgi11_121.jpg,C:\Users\Ansagan\Documents\Ansagan\Ansagan\dataset\labels\val\belgi11_121.txt,15,belgi11,0.6328125,0.7914062500000001,0.22187500000000002,0.41718750000000004,0.09256347656250001,0.5318352059925093,121.59106201171875,72.17152206624479
val,C:\Users\Ansagan\Documents\Ansagan\Ansagan\dataset\images\val\belgi11_123.jpg,C:\Users\Ansagan\Documents\Ansagan\Ansagan\dataset\labels\val\belgi11_123.txt,15,belgi11,0.7921875,0.371875,0.415625,0.21875,0.09091796875000001,1.9000000000000001,121.4966064453125,72.26682470765915
val,C:\Users\Ansagan\Documents\Ansagan\Ansagan\dataset\images\val\belgi11_124.jpg,C:\Users\Ansagan\Documents\Ansagan\Ansagan\dataset\labels\val\belgi11_124.txt,15,belgi11,0.209375,0.6335937500000001,0.415625,0.22031250000000002,0.09156738281250001,1.8865248226950353,121.385986328125,72.26096142995236
val,C:\Users\Ansagan\Documents\Ansagan\Ansagan\dataset\images\val\belgi11_126.jpg,C:\Users\Ansagan\Documents\Ansagan\Ansagan\dataset\labels\val\belgi11_126.txt,15,belgi11,0.521875,0.7367187500000001,0.2625,0.42031250000000003,0.11033203125000002,0.6245353159851301,124.86047607421875,73.59802205864794
val,C:\Users\Ansagan\Documents\Ansagan\Ansagan\dataset\images\val\belgi11_13.jpg,C:\Users\Ansagan\Documents\Ansagan\Ansagan\dataset\labels\val\belgi11_13.txt,15,belgi11,0.6742187500000001,0.44765625000000003,0.35781250000000003,0.22031250000000002,0.07883056640625001,1.624113475177305,129.88516845703126,76.15667219919094
val,C:\Users\Ansagan\Documents\Ansagan\Ansagan\dataset\images\val\belgi11_134.jpg,C:\Users\Ansagan\Documents\Ansagan\Ansagan\dataset\labels\val\belgi11_134.txt,15,belgi11,0.27109375,0.3609375,0.4109375,0.259375,0.10658691406250001,1.5843373493975903,127.18718505859376,72.53996755517736
val,C:\Users\Ansagan\Documents\Ansagan\Ansagan\dataset\images\val\belgi11_135.jpg,C:\Users\Ansagan\Documents\Ansagan\Ansagan\dataset\labels\val\belgi11_135.txt,15,belgi11,0.3609375,0.73046875,0.2625,0.4140625,0.10869140625000001,0.6339622641509435,127.60442138671876,72.43435800914807
val,C:\Users\Ansagan\Documents\Ansagan\Ansagan\dataset\images\val\belgi11_137.jpg,C:\Users\Ansagan\Documents\Ansagan\Ansagan\dataset\labels\val\belgi11_137.txt,15,belgi11,0.7296875,0.56796875,0.240625,0.38906250000000003,0.09361816406250001,0.6184738955823292,125.59206298828126,75.17963955815223
val,C:\Users\Ansagan\Documents\Ansagan\Ansagan\dataset\images\val\belgi11_14.jpg,C:\Users\Ansagan\Documents\Ansagan\Ansagan\dataset\labels\val\belgi11_14.txt,15,belgi11,0.32656250000000003,0.5515625000000001,0.34687500000000004,0.21875,0.07587890625000002,1.5857142857142859,129.76951904296874,76.14457665402976
val,C:\Users\Ansagan\Documents\Ansagan\Ansagan\dataset\images\val\belgi11_143.jpg,C:\Users\Ansagan\Documents\Ansagan\Ansagan\dataset\labels\val\belgi11_143.txt,15,belgi11,0.41328125000000004,0.7820312500000001,0.38906250000000003,0.2328125,0.09057861328125001,1.6711409395973156,122.18464111328124,77.78215533411893
val,C:\Users\Ansagan\Documents\Ansagan\Ansagan\dataset\images\val\belgi11_148.jpg,C:\Users\Ansagan\Documents\Ansagan\Ansagan\dataset\labels\val\belgi11_148.txt,15,belgi11,0.36015625,0.5828125000000001,0.3828125,0.240625,0.0921142578125,1.5909090909090908,124.50537841796876,81.18909300892382
val,C:\Users\Ansagan\Documents\Ansagan\Ansagan\dataset\images\val\belgi11_15.jpg,C:\Users\Ansagan\Documents\Ansagan\Ansagan\dataset\labels\val\belgi11_15.txt,15,belgi11,0.55390625,0.675,0.22031250000000002,0.35625,0.078486328125,0.618421052631579,125.00369873046876,76.04382502032453
val,C:\Users\Ansagan\Documents\Ansagan\Ansagan\dataset\images\val\belgi11_152.jpg,C:\Users\Ansagan\Documents\Ansagan\Ansagan\dataset\labels\val\belgi11_152.txt,15,belgi11,0.38125000000000003,0.37890625,0.225,0.3765625,0.0847265625,0.5975103734439834,113.876171875,77.27166245113823
val,C:\Users\Ansagan\Documents\Ansagan\Ansagan\dataset\images\val\belgi11_161.jpg,C:\Users\Ansagan\Documents\Ansagan\Ansagan\dataset\labels\val\belgi11_161.txt,15,belgi11,0.6265625,0.5578125,0.20625000000000002,0.3375,0.06960937500000001,0.6111111111111112,124.35091064453125,77.8466484989581
val,C:\Users\Ansagan\Documents\Ansagan\Ansagan\dataset\images\val\belgi11_162.jpg,C:\Users\Ansagan\Documents\Ansagan\Ansagan\dataset\labels\val\belgi11_162.txt,15,belgi11,0.37109375,0.56171875,0.21406250000000002,0.3359375,0.07191162109375,0.6372093023255815,124.35075439453125,77.8466822270356
val,C:\Users\Ansagan\Documents\Ansagan\Ansagan\dataset\images\val\belgi11_169.jpg,C:\Users\Ansagan\Documents\Ansagan\Ansagan\dataset\labels\val\belgi11_169.txt,15,belgi11,0.25,0.55234375,0.33437500000000003,0.20468750000000002,0.06844238281250001,1.633587786259542,129.88726806640625,75.01302142174879
val,C:\Users\Ansagan\Documents\Ansagan\Ansagan\dataset\images\val\belgi11_17.jpg,C:\Users\Ansagan\Documents\Ansagan\Ansagan\dataset\labels\val\belgi11_17.txt,15,belgi11,0.5164062500000001,0.40859375000000003,0.2234375,0.3609375,0.08064697265625001,0.6190476190476191,126.82019775390626,78.7277288867399
val,C:\Users\Ansagan\Documents\Ansagan\Ansagan\dataset\images\val\belgi11_171.jpg,C:\Users\Ansagan\Documents\Ansagan\Ansagan\dataset\labels\val\belgi11_171.txt,15,belgi11,0.41953125,0.73203125,0.2109375,0.32656250000000003,0.06888427734375001,0.6459330143540669,131.8214208984375,74.42340838051719
val,C:\Users\Ansagan\Documents\Ansagan\Ansagan\dataset\images\val\belgi11_175.jpg,C:\Users\Ansagan\Documents\Ansagan\Ansagan\dataset\labels\val\belgi11_175.txt,15,belgi11,0.41484375,0.7328125000000001,0.2109375,0.31875000000000003,0.06723632812500001,0.6617647058823529,123.1784912109375,74.42297777151762
val,C:\Users\Ansagan\Documents\Ansagan\Ansagan\dataset\images\val\belgi11_177.jpg,C:\Users\Ansagan\Documents\Ansagan\Ansagan\dataset\labels\val\belgi11_177.txt,15,belgi11,0.69921875,0.7203125,0.2109375,0.33125000000000004,0.06987304687500001,0.6367924528301886,136.80664306640625,72.63873574730859
val,C:\Users\Ansagan\Documents\Ansagan\Ansagan\dataset\images\val\belgi11_191.jpg,C:\Users\Ansagan\Documents\Ansagan\Ansagan\dataset\labels\val\belgi11_191.txt,15,belgi11,0.7859375000000001,0.38671875,0.16562500000000002,0.26406250000000003,0.04373535156250001,0.6272189349112426,110.3422998046875,77.06855159090686
val,C:\Users\Ansagan\Documents\Ansagan\Ansagan\dataset\images\val\belgi11_20.jpg,C:\Users\Ansagan\Documents\Ansagan\Ansagan\dataset\labels\val\belgi11_20.txt,15,belgi11,0.48515625,0.40937500000000004,0.22031250000000002,0.35625,0.078486328125,0.618421052631579,128.17960693359376,78.72784742142467
val,C:\Users\Ansagan\Documents\Ansagan\Ansagan\dataset\images\val\belgi11_203.jpg,C:\Users\Ansagan\Documents\Ansagan\Ansagan\dataset\labels\val\belgi11_203.txt,15,belgi11,0.7367187500000001,0.53671875,0.3796875,0.22968750000000002,0.08720947265625001,1.6530612244897958,119.39993408203125,72.71854041181355
val,C:\Users\Ansagan\Documents\Ansagan\Ansagan\dataset\images\val\belgi11_208.jpg,C:\Users\Ansagan\Documents\Ansagan\Ansagan\dataset\labels\val\belgi11_208.txt,15,belgi11,0.64453125,0.64609375,0.37031250000000004,0.2265625,0.08389892578125001,1.6344827586206898,123.9455859375,70.91716664152175
val,C:\Users\Ansagan\Documents\Ansagan\Ansagan\dataset\images\val\belgi11_209.jpg,C:\Users\Ansagan\Documents\Ansagan\Ansagan\dataset\labels\val\belgi11_209.txt,15,belgi11,0.35625,0.35234375,0.36562500000000003,0.2265625,0.0828369140625,1.613793103448276,123.8401123046875,70.9129303016859
val,C:\Users\Ansagan\Documents\Ansagan\Ansagan\dataset\images\val\belgi11_21.jpg,C:\Users\Ansagan\Documents\Ansagan\Ansagan\dataset\labels\val\belgi11_21.txt,15,belgi11,0.2921875,0.40468750000000003,0.23750000000000002,0.37812500000000004,0.08980468750000002,0.628099173553719,134.46794677734374,78.86146388612623
val,C:\Users\Ansagan\Documents\Ansagan\Ansagan\dataset\images\val\belgi11_210.jpg,C:\Users\Ansagan\Documents\Ansagan\Ansagan\dataset\labels\val\belgi11_210.txt,15,belgi11,0.353125,0.6453125000000001,0.234375,0.36250000000000004,0.08496093750000001,0.6465517241379309,130.95573974609374,70.81426773027067
val,C:\Users\Ansagan\Documents\Ansagan\Ansagan\dataset\images\val\belgi11_212.jpg,C:\Users\Ansagan\Documents\Ansagan\Ansagan\dataset\labels\val\belgi11_212.txt,15,belgi11,0.56171875,0.56953125,0.2890625,0.46718750000000003,0.13504638671875002,0.6187290969899665,128.746689453125,75.51037677537458
val,C:\Users\Ansagan\Documents\Ansagan\Ansagan\dataset\images\val\belgi11_214.jpg,C:\Users\Ansagan\Documents\Ansagan\Ansagan\dataset\labels\val\belgi11_214.txt,15,belgi11,0.4296875,0.43671875000000004,0.47187500000000004,0.2921875,0.1378759765625,1.6149732620320858,128.55088623046876,75.61589284294207
val,C:\Users\Ansagan\Documents\Ansagan\Ansagan\dataset\images\val\belgi11_215.jpg,C:\Users\Ansagan\Documents\Ansagan\Ansagan\dataset\labels\val\belgi11_215.txt,15,belgi11,0.43671875000000004,0.5703125,0.2921875,0.46875,0.136962890625,0.6233333333333333,126.25329345703125,75.51042230773572
val,C:\Users\Ansagan\Documents\Ansagan\Ansagan\dataset\images\val\belgi11_219.jpg,C:\Users\Ansagan\Documents\Ansagan\Ansagan\dataset\labels\val\belgi11_219.txt,15,belgi11,0.55859375,0.57578125,0.47968750000000004,0.27968750000000003,0.13416259765625002,1.7150837988826815,116.45958984375,80.07384032944348
val,C:\Users\Ansagan\Documents\Ansagan\Ansagan\dataset\images\val\belgi11_225.jpg,C:\Users\Ansagan\Documents\Ansagan\Ansagan\dataset\labels\val\belgi11_225.txt,15,belgi11,0.215625,0.5,0.28750000000000003,0.49062500000000003,0.14105468750000003,0.5859872611464968,129.89455322265624,68.6654691026751
val,C:\Users\Ansagan\Documents\Ansagan\Ansagan\dataset\images\val\belgi11_226.jpg,C:\Users\Ansagan\Documents\Ansagan\Ansagan\dataset\labels\val\belgi11_226.txt,15,belgi11,0.41640625000000003,0.375,0.2984375,0.49375,0.14735351562500001,0.6044303797468354,119.1183984375,78.39628726419382
val,C:\Users\Ansagan\Documents\Ansagan\Ansagan\dataset\images\val\belgi11_227.jpg,C:\Users\Ansagan\Documents\Ansagan\Ansagan\dataset\labels\val\belgi11_227.txt,15,belgi11,0.58359375,0.36875,0.3015625,0.49062500000000003,0.14795410156250002,0.6146496815286624,119.1183837890625,78.39577739897364
val,C:\Users\Ansagan\Documents\Ansagan\Ansagan\dataset\images\val\belgi11_229.jpg,C:\Users\Ansagan\Documents\Ansagan\Ansagan\dataset\labels\val\belgi11_229.txt,15,belgi11,0.6312500000000001,0.41640625000000003,0.49062500000000003,0.2921875,0.14335449218750002,1.6791443850267382,118.8738330078125,78.4770812411641
val,C:\Users\Ansagan\Documents\Ansagan\Ansagan\dataset\images\val\belgi11_238.jpg,C:\Users\Ansagan\Documents\Ansagan\Ansagan\dataset\labels\val\belgi11_238.txt,15,belgi11,0.68359375,0.48125,0.4609375,0.29375,0.135400390625,1.5691489361702127,128.1827490234375,75.25047307174218
val,C:\Users\Ansagan\Documents\Ansagan\Ansagan\dataset\images\val\belgi11_24.jpg,C:\Users\Ansagan\Documents\Ansagan\Ansagan\dataset\labels\val\belgi11_24.txt,15,belgi11,0.5945312500000001,0.28671875,0.38593750000000004,0.23593750000000002,0.09105712890625002,1.6357615894039736,134.2049609375,78.99752933734526
val,C:\Users\Ansagan\Documents\Ansagan\Ansagan\dataset\images\val\belgi11_243.jpg,C:\Users\Ansagan\Documents\Ansagan\Ansagan\dataset\labels\val\belgi11_243.txt,15,belgi11,0.690625,0.2828125,0.44375000000000003,0.278125,0.12341796875000001,1.5955056179775282,118.72743408203125,81.49963931397882
val,C:\Users\Ansagan\Documents\Ansagan\Ansagan\dataset\images\val\belgi11_27.jpg,C:\Users\Ansagan\Documents\Ansagan\Ansagan\dataset\labels\val\belgi11_27.txt,15,belgi11,0.465625,0.39609375,0.234375,0.38906250000000003,0.09118652343750001,0.6024096385542168,121.63204345703124,79.07768648042106
val,C:\Users\Ansagan\Documents\Ansagan\Ansagan\dataset\images\val\belgi11_28.jpg,C:\Users\Ansagan\Documents\Ansagan\Ansagan\dataset\labels\val\belgi11_28.txt,15,belgi11,0.3984375,0.46718750000000003,0.39375000000000004,0.23750000000000002,0.09351562500000002,1.6578947368421053,121.53227783203126,79.1686945417584
val,C:\Users\Ansagan\Documents\Ansagan\Ansagan\dataset\images\val\belgi11_32.jpg,C:\Users\Ansagan\Documents\Ansagan\Ansagan\dataset\labels\val\belgi11_32.txt,15,belgi11,0.20859375000000002,0.41484375,0.2421875,0.3765625,0.09119873046875,0.6431535269709543,121.241845703125,85.66175526653292
val,C:\Users\Ansagan\Documents\Ansagan\Ansagan\dataset\images\val\belgi11_33.jpg,C:\Users\Ansagan\Documents\Ansagan\Ansagan\dataset\labels\val\belgi11_33.txt,15,belgi11,0.41718750000000004,0.20859375000000002,0.390625,0.2421875,0.0946044921875,1.6129032258064515,121.134560546875,85.74836923275225
val,C:\Users\Ansagan\Documents\Ansagan\Ansagan\dataset\images\val\belgi11_37.jpg,C:\Users\Ansagan\Documents\Ansagan\Ansagan\dataset\labels\val\belgi11_37.txt,15,belgi11,0.259375,0.69140625,0.23125,0.3640625,0.08418945312500001,0.6351931330472103,125.449326171875,83.01068049771905
val,C:\Users\Ansagan\Documents\Ansagan\Ansagan\dataset\images\val\belgi11_38.jpg,C:\Users\Ansagan\Documents\Ansagan\Ansagan\dataset\labels\val\belgi11_38.txt,15,belgi11,0.69140625,0.259375,0.37031250000000004,0.23125,0.08563476562500001,1.6013513513513515,125.33754150390625,83.10611571097023
val,C:\Users\Ansagan\Documents\Ansagan\Ansagan\dataset\images\val\belgi11_41.jpg,C:\Users\Ansagan\Documents\Ansagan\Ansagan\dataset\labels\val\belgi11_41.txt,15,belgi11,0.521875,0.7484375000000001,0.234375,0.371875,0.087158203125,0.6302521008403361,130.92563720703126,75.0631604815812
val,C:\Users\Ansagan\Documents\Ansagan\Ansagan\dataset\images\val\belgi11_49.jpg,C:\Users\Ansagan\Documents\Ansagan\Ansagan\dataset\labels\val\belgi11_49.txt,15,belgi11,0.19296875000000002,0.37890625,0.3828125,0.26406250000000003,0.10108642578125002,1.4497041420118342,133.5351904296875,73.00535442232282
val,C:\Users\Ansagan\Documents\Ansagan\Ansagan\dataset\images\val\belgi11_55.jpg,C:\Users\Ansagan\Documents\Ansagan\Ansagan\dataset\labels\val\belgi11_55.txt,15,belgi11,0.22187500000000002,0.78046875,0.265625,0.4390625,0.11662597656250001,0.6049822064056939,117.17562744140625,72.19067753573333
val,C:\Users\Ansagan\Documents\Ansagan\Ansagan\dataset\images\val\belgi11_57.jpg,C:\Users\Ansagan\Documents\Ansagan\Ansagan\dataset\labels\val\belgi11_57.txt,15,belgi11,0.8375,0.5765625,0.253125,0.45,0.11390625,0.5625,145.28196533203126,69.45402484614463
val,C:\Users\Ansagan\Documents\Ansagan\Ansagan\dataset\images\val\belgi11_59.jpg,C:\Users\Ansagan\Documents\Ansagan\Ansagan\dataset\labels\val\belgi11_59.txt,15,belgi11,0.421875,0.1609375,0.446875,0.253125,0.113115234375,1.7654320987654322,145.024140625,69.64668113842477
val,C:\Users\Ansagan\Documents\Ansagan\Ansagan\dataset\images\val\belgi11_66.jpg,C:\Users\Ansagan\Documents\Ansagan\Ansagan\dataset\labels\val\belgi11_66.txt,15,belgi11,0.403125,0.36328125,0.259375,0.4140625,0.10739746093750001,0.6264150943396227,125.0422412109375,79.86008099776234
val,C:\Users\Ansagan\Documents\Ansagan\Ansagan\dataset\images\val\belgi11_69.jpg,C:\Users\Ansagan\Documents\Ansagan\Ansagan\dataset\labels\val\belgi11_69.txt,15,belgi11,0.63828125,0.40156250000000004,0.41718750000000004,0.25625000000000003,0.10690429687500003,1.6280487804878048,124.85145263671875,79.97333553180839
val,C:\Users\Ansagan\Documents\Ansagan\Ansagan\dataset\images\val\belgi11_70.jpg,C:\Users\Ansagan\Documents\Ansagan\Ansagan\dataset\labels\val\belgi11_70.txt,15,belgi11,0.40703125,0.36484375,0.2578125,0.4234375,0.10916748046875001,0.6088560885608856,129.957705078125,79.85980610458216
val,C:\Users\Ansagan\Documents\Ansagan\Ansagan\dataset\images\val\belgi11_72.jpg,C:\Users\Ansagan\Documents\Ansagan\Ansagan\dataset\labels\val\belgi11_72.txt,15,belgi11,0.5632812500000001,0.6640625,0.2671875,0.42812500000000003,0.11438964843750002,0.6240875912408759,128.2066796875,69.464092626091
val,C:\Users\Ansagan\Documents\Ansagan\Ansagan\dataset\images\val\belgi11_81.jpg,C:\Users\Ansagan\Documents\Ansagan\Ansagan\dataset\labels\val\belgi11_81.txt,15,belgi11,0.6585937500000001,0.74921875,0.26406250000000003,0.4421875,0.11676513671875002,0.5971731448763251,120.44887939453125,74.5887583358386
val,C:\Users\Ansagan\Documents\Ansagan\Ansagan\dataset\images\val\belgi11_82.jpg,C:\Users\Ansagan\Documents\Ansagan\Ansagan\dataset\labels\val\belgi11_82.txt,15,belgi11,0.34218750000000003,0.7484375000000001,0.265625,0.44375000000000003,0.11787109375,0.5985915492957746,120.4492333984375,74.58848798534306
val,C:\Users\Ansagan\Documents\Ansagan\Ansagan\dataset\images\val\belgi11_9.jpg,C:\Users\Ansagan\Documents\Ansagan\Ansagan\dataset\labels\val\belgi11_9.txt,15,belgi11,0.3125,0.31484375000000003,0.353125,0.21406250000000002,0.07559082031250001,1.6496350364963503,133.54023193359376,74.0012790716693
val,C:\Users\Ansagan\Documents\Ansagan\Ansagan\dataset\images\val\belgi11_97.jpg,C:\Users\Ansagan\Documents\Ansagan\Ansagan\dataset\labels\val\belgi11_97.txt,15,belgi11,0.30859375,0.37109375,0.2421875,0.4390625,0.10633544921875,0.5516014234875445,120.37119873046875,82.66027440036663
val,C:\Users\Ansagan\Documents\Ansagan\Ansagan\dataset\images\val\belgi12_102.jpg,C:\Users\Ansagan\Documents\Ansagan\Ansagan\dataset\labels\val\belgi12_102.txt,16,belgi12,0.41796875,0.64375,0.1859375,0.33125000000000004,0.06159179687500001,0.5613207547169811,127.00697265625,75.98993213160833
val,C:\Users\Ansagan\Documents\Ansagan\Ansagan\dataset\images\val\belgi12_109.jpg,C:\Users\Ansagan\Documents\Ansagan\Ansagan\dataset\labels\val\belgi12_109.txt,16,belgi12,0.225,0.7921875,0.371875,0.22187500000000002,0.08250976562500001,1.676056338028169,122.20856201171875,80.9081062723549
val,C:\Users\Ansagan\Documents\Ansagan\Ansagan\dataset\images\val\belgi12_118.jpg,C:\Users\Ansagan\Documents\Ansagan\Ansagan\dataset\labels\val\belgi12_118.txt,16,belgi12,0.275,0.7765625,0.359375,0.19375,0.06962890625,1.8548387096774193,123.13349365234374,77.5896773514078
val,C:\Users\Ansagan\Documents\Ansagan\Ansagan\dataset\images\val\belgi12_119.jpg,C:\Users\Ansagan\Documents\Ansagan\Ansagan\dataset\labels\val\belgi12_119.txt,16,belgi12,0.72578125,0.2234375,0.3609375,0.19375,0.069931640625,1.8629032258064517,122.95734619140624,77.57837908750103
val,C:\Users\Ansagan\Documents\Ansagan\Ansagan\dataset\images\val\belgi12_123.jpg,C:\Users\Ansagan\Documents\Ansagan\Ansagan\dataset\labels\val\belgi12_123.txt,16,belgi12,0.2984375,0.7765625,0.30312500000000003,0.146875,0.044521484375,2.0638297872340425,117.50102783203126,75.04632214634879
val,C:\Users\Ansagan\Documents\Ansagan\Ansagan\dataset\images\val\belgi12_127.jpg,C:\Users\Ansagan\Documents\Ansagan\Ansagan\dataset\labels\val\belgi12_127.txt,16,belgi12,0.73828125,0.40468750000000003,0.1484375,0.278125,0.0412841796875,0.5337078651685393,123.31241943359375,76.01493472872522
val,C:\Users\Ansagan\Documents\Ansagan\Ansagan\dataset\images\val\belgi12_139.jpg,C:\Users\Ansagan\Documents\Ansagan\Ansagan\dataset\labels\val\belgi12_139.txt,16,belgi12,0.33203125,0.28984375,0.2859375,0.1640625,0.04691162109375,1.7428571428571429,134.17774658203126,70.81552554078392
val,C:\Users\Ansagan\Documents\Ansagan\Ansagan\dataset\images\val\belgi12_147.jpg,C:\Users\Ansagan\Documents\Ansagan\Ansagan\dataset\labels\val\belgi12_147.txt,16,belgi12,0.521875,0.6171875,0.18125000000000002,0.321875,0.05833984375000001,0.5631067961165049,126.23625244140625,75.8790599312713
val,C:\Users\Ansagan\Documents\Ansagan\Ansagan\dataset\images\val\belgi12_148.jpg,C:\Users\Ansagan\Documents\Ansagan\Ansagan\dataset\labels\val\belgi12_148.txt,16,belgi12,0.6171875,0.52265625,0.321875,0.1859375,0.059848632812500004,1.73109243697479,126.12292724609375,75.98551381218873
val,C:\Users\Ansagan\Documents\Ansagan\Ansagan\dataset\images\val\belgi12_158.jpg,C:\Users\Ansagan\Documents\Ansagan\Ansagan\dataset\labels\val\belgi12_158.txt,16,belgi12,0.6937500000000001,0.246875,0.34687500000000004,0.203125,0.070458984375,1.7076923076923078,125.3411767578125,81.61727922653269
val,C:\Users\Ansagan\Documents\Ansagan\Ansagan\dataset\images\val\belgi12_159.jpg,C:\Users\Ansagan\Documents\Ansagan\Ansagan\dataset\labels\val\belgi12_159.txt,16,belgi12,0.309375,0.753125,0.35000000000000003,0.20625000000000002,0.07218750000000002,1.696969696969697,125.225283203125,81.59619711847567
val,C:\Users\Ansagan\Documents\Ansagan\Ansagan\dataset\images\val\belgi12_160.jpg,C:\Users\Ansagan\Documents\Ansagan\Ansagan\dataset\labels\val\belgi12_160.txt,16,belgi12,0.75,0.6898437500000001,0.20625000000000002,0.3453125,0.071220703125,0.5972850678733032,129.5424609375,81.51831480250718
val,C:\Users\Ansagan\Documents\Ansagan\Ansagan\dataset\images\val\belgi12_161.jpg,C:\Users\Ansagan\Documents\Ansagan\Ansagan\dataset\labels\val\belgi12_161.txt,16,belgi12,0.4546875,0.44140625,0.24375000000000002,0.4265625,0.10397460937500001,0.5714285714285715,126.2273193359375,77.48257434350043
val,C:\Users\Ansagan\Documents\Ansagan\Ansagan\dataset\images\val\belgi12_166.jpg,C:\Users\Ansagan\Documents\Ansagan\Ansagan\dataset\labels\val\belgi12_166.txt,16,belgi12,0.2703125,0.44453125000000004,0.240625,0.43281250000000004,0.10414550781250001,0.5559566787003609,125.452353515625,75.6586342775894
val,C:\Users\Ansagan\Documents\Ansagan\Ansagan\dataset\images\val\belgi12_167.jpg,C:\Users\Ansagan\Documents\Ansagan\Ansagan\dataset\labels\val\belgi12_167.txt,16,belgi12,0.7273437500000001,0.44453125000000004,0.2421875,0.4390625,0.10633544921875,0.5516014234875445,125.4522412109375,75.65877570492653
val,C:\Users\Ansagan\Documents\Ansagan\Ansagan\dataset\images\val\belgi12_169.jpg,C:\Users\Ansagan\Documents\Ansagan\Ansagan\dataset\labels\val\belgi12_169.txt,16,belgi12,0.5546875,0.2703125,0.4375,0.234375,0.1025390625,1.8666666666666667,125.1876953125,75.78394524821024
val,C:\Users\Ansagan\Documents\Ansagan\Ansagan\dataset\images\val\belgi12_173.jpg,C:\Users\Ansagan\Documents\Ansagan\Ansagan\dataset\labels\val\belgi12_173.txt,16,belgi12,0.4296875,0.36796875,0.48125,0.27968750000000003,0.134599609375,1.7206703910614523,123.31750732421875,80.33381193481344
val,C:\Users\Ansagan\Documents\Ansagan\Ansagan\dataset\images\val\belgi12_182.jpg,C:\Users\Ansagan\Documents\Ansagan\Ansagan\dataset\labels\val\belgi12_182.txt,16,belgi12,0.7039062500000001,0.75390625,0.2828125,0.4921875,0.13919677734375002,0.5746031746031747,136.20590576171875,69.9900327570778
val,C:\Users\Ansagan\Documents\Ansagan\Ansagan\dataset\images\val\belgi12_184.jpg,C:\Users\Ansagan\Documents\Ansagan\Ansagan\dataset\labels\val\belgi12_184.txt,16,belgi12,0.24921875000000002,0.29609375,0.47968750000000004,0.2765625,0.13266357421875,1.7344632768361585,135.97352783203124,70.12432945803593
val,C:\Users\Ansagan\Documents\Ansagan\Ansagan\dataset\images\val\belgi12_188.jpg,C:\Users\Ansagan\Documents\Ansagan\Ansagan\dataset\labels\val\belgi12_188.txt,16,belgi12,0.58125,0.8,0.453125,0.2625,0.11894531250000001,1.726190476190476,137.51023193359376,70.43773366611444
val,C:\Users\Ansagan\Documents\Ansagan\Ansagan\dataset\images\val\belgi12_191.jpg,C:\Users\Ansagan\Documents\Ansagan\Ansagan\dataset\labels\val\belgi12_191.txt,16,belgi12,0.15781250000000002,0.32421875,0.24375000000000002,0.46718750000000003,0.11387695312500001,0.5217391304347826,124.77233154296874,76.49505109722224
val,C:\Users\Ansagan\Documents\Ansagan\Ansagan\dataset\images\val\belgi12_193.jpg,C:\Users\Ansagan\Documents\Ansagan\Ansagan\dataset\labels\val\belgi12_193.txt,16,belgi12,0.32656250000000003,0.84375,0.46875,0.246875,0.11572265625,1.8987341772151898,124.654521484375,76.60197964933285
val,C:\Users\Ansagan\Documents\Ansagan\Ansagan\dataset\images\val\belgi12_194.jpg,C:\Users\Ansagan\Documents\Ansagan\Ansagan\dataset\labels\val\belgi12_194.txt,16,belgi12,0.6726562500000001,0.16015625,0.46718750000000003,0.2421875,0.11314697265625001,1.9290322580645163,124.5055810546875,76.57329935382145
val,C:\Users\Ansagan\Documents\Ansagan\Ansagan\dataset\images\val\belgi12_20.jpg,C:\Users\Ansagan\Documents\Ansagan\Ansagan\dataset\labels\val\belgi12_20.txt,16,belgi12,0.26015625000000003,0.5320312500000001,0.18281250000000002,0.3046875,0.05570068359375001,0.6000000000000001,129.88587646484376,74.57469279459734
val,C:\Users\Ansagan\Documents\Ansagan\Ansagan\dataset\images\val\belgi12_203.jpg,C:\Users\Ansagan\Documents\Ansagan\Ansagan\dataset\labels\val\belgi12_203.txt,16,belgi12,0.54140625,0.4703125,0.4734375,0.2625,0.12427734375,1.8035714285714286,117.20350830078125,76.17689946823886
val,C:\Users\Ansagan\Documents\Ansagan\Ansagan\dataset\images\val\belgi12_207.jpg,C:\Users\Ansagan\Documents\Ansagan\Ansagan\dataset\labels\val\belgi12_207.txt,16,belgi12,0.7671875,0.63203125,0.28125,0.49531250000000004,0.139306640625,0.5678233438485804,131.6124609375,64.91082328464692
val,C:\Users\Ansagan\Documents\Ansagan\Ansagan\dataset\images\val\belgi12_215.jpg,C:\Users\Ansagan\Documents\Ansagan\Ansagan\dataset\labels\val\belgi12_215.txt,16,belgi12,0.1328125,0.7046875,0.246875,0.478125,0.118037109375,0.5163398692810458,128.53869384765625,64.3653328743691
val,C:\Users\Ansagan\Documents\Ansagan\Ansagan\dataset\images\val\belgi12_222.jpg,C:\Users\Ansagan\Documents\Ansagan\Ansagan\dataset\labels\val\belgi12_222.txt,16,belgi12,0.43593750000000003,0.6890625,0.22812500000000002,0.3875,0.08839843750000001,0.5887096774193549,126.57911865234375,73.25217100294776
val,C:\Users\Ansagan\Documents\Ansagan\Ansagan\dataset\images\val\belgi12_229.jpg,C:\Users\Ansagan\Documents\Ansagan\Ansagan\dataset\labels\val\belgi12_229.txt,16,belgi12,0.31015625,0.6640625,0.37031250000000004,0.209375,0.07753417968750001,1.7686567164179106,121.91166259765625,75.7961018418065
val,C:\Users\Ansagan\Documents\Ansagan\Ansagan\dataset\images\val\belgi12_231.jpg,C:\Users\Ansagan\Documents\Ansagan\Ansagan\dataset\labels\val\belgi12_231.txt,16,belgi12,0.584375,0.50234375,0.2,0.3484375,0.0696875,0.5739910313901345,116.716005859375,75.73153196169737
val,C:\Users\Ansagan\Documents\Ansagan\Ansagan\dataset\images\val\belgi12_233.jpg,C:\Users\Ansagan\Documents\Ansagan\Ansagan\dataset\labels\val\belgi12_233.txt,16,belgi12,0.50625,0.415625,0.35000000000000003,0.19687500000000002,0.06890625000000002,1.7777777777777777,116.6149755859375,75.81970369957403
val,C:\Users\Ansagan\Documents\Ansagan\Ansagan\dataset\images\val\belgi12_236.jpg,C:\Users\Ansagan\Documents\Ansagan\Ansagan\dataset\labels\val\belgi12_236.txt,16,belgi12,0.4578125,0.47421875,0.19687500000000002,0.3484375,0.0685986328125,0.5650224215246638,115.63051025390625,75.22673911979079
val,C:\Users\Ansagan\Documents\Ansagan\Ansagan\dataset\images\val\belgi12_241.jpg,C:\Users\Ansagan\Documents\Ansagan\Ansagan\dataset\labels\val\belgi12_241.txt,16,belgi12,0.321875,0.49609375,0.2,0.35468750000000004,0.07093750000000001,0.5638766519823788,116.018076171875,73.50651571094188
val,C:\Users\Ansagan\Documents\Ansagan\Ansagan\dataset\images\val\belgi12_244.jpg,C:\Users\Ansagan\Documents\Ansagan\Ansagan\dataset\labels\val\belgi12_244.txt,16,belgi12,0.51015625,0.321875,0.3609375,0.19375,0.069931640625,1.8629032258064517,115.79382080078125,73.57700700202538
val,C:\Users\Ansagan\Documents\Ansagan\Ansagan\dataset\images\val\belgi12_30.jpg,C:\Users\Ansagan\Documents\Ansagan\Ansagan\dataset\labels\val\belgi12_30.txt,16,belgi12,0.54296875,0.31796875,0.1953125,0.34218750000000003,0.06683349609375,0.5707762557077625,138.51928955078125,74.72388580858939
val,C:\Users\Ansagan\Documents\Ansagan\Ansagan\dataset\images\val\belgi12_34.jpg,C:\Users\Ansagan\Documents\Ansagan\Ansagan\dataset\labels\val\belgi12_34.txt,16,belgi12,0.690625,0.40468750000000003,0.3375,0.19687500000000002,0.0664453125,1.7142857142857142,121.5387158203125,77.5680623830872
val,C:\Users\Ansagan\Documents\Ansagan\Ansagan\dataset\images\val\belgi12_37.jpg,C:\Users\Ansagan\Documents\Ansagan\Ansagan\dataset\labels\val\belgi12_37.txt,16,belgi12,0.38359375,0.4765625,0.1765625,0.30312500000000003,0.05352050781250001,0.5824742268041236,118.61187255859375,75.14849462428545
val,C:\Users\Ansagan\Documents\Ansagan\Ansagan\dataset\images\val\belgi12_39.jpg,C:\Users\Ansagan\Documents\Ansagan\Ansagan\dataset\labels\val\belgi12_39.txt,16,belgi12,0.52265625,0.61640625,0.3046875,0.1765625,0.053796386718750006,1.725663716814159,118.38447021484374,75.2116477064577
val,C:\Users\Ansagan\Documents\Ansagan\Ansagan\dataset\images\val\belgi12_41.jpg,C:\Users\Ansagan\Documents\Ansagan\Ansagan\dataset\labels\val\belgi12_41.txt,16,belgi12,0.5484375,0.53359375,0.171875,0.3046875,0.0523681640625,0.5641025641025641,120.0019580078125,73.46634231535865
val,C:\Users\Ansagan\Documents\Ansagan\Ansagan\dataset\images\val\belgi12_5.jpg,C:\Users\Ansagan\Documents\Ansagan\Ansagan\dataset\labels\val\belgi12_5.txt,16,belgi12,0.45625000000000004,0.596875,0.1875,0.296875,0.0556640625,0.631578947368421,133.27604736328124,74.92529385774628
val,C:\Users\Ansagan\Documents\Ansagan\Ansagan\dataset\images\val\belgi12_50.jpg,C:\Users\Ansagan\Documents\Ansagan\Ansagan\dataset\labels\val\belgi12_50.txt,16,belgi12,0.75546875,0.38593750000000004,0.1765625,0.309375,0.0546240234375,0.5707070707070707,141.01395751953126,77.9540018492235
val,C:\Users\Ansagan\Documents\Ansagan\Ansagan\dataset\images\val\belgi12_52.jpg,C:\Users\Ansagan\Documents\Ansagan\Ansagan\dataset\labels\val\belgi12_52.txt,16,belgi12,0.32265625000000003,0.41718750000000004,0.1765625,0.30000000000000004,0.05296875000000001,0.5885416666666666,115.44230712890625,76.25520478297572
val,C:\Users\Ansagan\Documents\Ansagan\Ansagan\dataset\images\val\belgi12_59.jpg,C:\Users\Ansagan\Documents\Ansagan\Ansagan\dataset\labels\val\belgi12_59.txt,16,belgi12,0.32734375000000004,0.6125,0.26406250000000003,0.1625,0.042910156250000005,1.6250000000000002,121.17571533203125,75.02509782280399
val,C:\Users\Ansagan\Documents\Ansagan\Ansagan\dataset\images\val\belgi12_61.jpg,C:\Users\Ansagan\Documents\Ansagan\Ansagan\dataset\labels\val\belgi12_61.txt,16,belgi12,0.3125,0.37343750000000003,0.19687500000000002,0.34375,0.06767578125000001,0.5727272727272728,128.63612548828124,77.34314905150296
val,C:\Users\Ansagan\Documents\Ansagan\Ansagan\dataset\images\val\belgi12_7.jpg,C:\Users\Ansagan\Documents\Ansagan\Ansagan\dataset\labels\val\belgi12_7.txt,16,belgi12,0.6046875,0.5945312500000001,0.18125000000000002,0.29531250000000003,0.05352539062500001,0.6137566137566137,123.69328125,75.43091093825916
val,C:\Users\Ansagan\Documents\Ansagan\Ansagan\dataset\images\val\belgi12_74.jpg,C:\Users\Ansagan\Documents\Ansagan\Ansagan\dataset\labels\val\belgi12_74.txt,16,belgi12,0.56171875,0.5398437500000001,0.40156250000000004,0.22968750000000002,0.09223388671875002,1.7482993197278913,123.47593017578124,76.53991941721367
val,C:\Users\Ansagan\Documents\Ansagan\Ansagan\dataset\images\val\belgi12_75.jpg,C:\Users\Ansagan\Documents\Ansagan\Ansagan\dataset\labels\val\belgi12_75.txt,16,belgi12,0.540625,0.44296875,0.22812500000000002,0.40156250000000004,0.09160644531250002,0.5680933852140078,131.29646484375,76.45638292799599
val,C:\Users\Ansagan\Documents\Ansagan\Ansagan\dataset\images\val\belgi12_78.jpg,C:\Users\Ansagan\Documents\Ansagan\Ansagan\dataset\labels\val\belgi12_78.txt,16,belgi12,0.35234375,0.7000000000000001,0.3515625,0.1875,0.06591796875,1.875,120.7326220703125,75.85244943450797
val,C:\Users\Ansagan\Documents\Ansagan\Ansagan\dataset\images\val\belgi12_81.jpg,C:\Users\Ansagan\Documents\Ansagan\Ansagan\dataset\labels\val\belgi12_81.txt,16,belgi12,0.484375,0.34609375000000003,0.1875,0.3328125,0.062402343750000006,0.5633802816901409,119.364755859375,74.48923121125833
val,C:\Users\Ansagan\Documents\Ansagan\Ansagan\dataset\images\val\belgi12_85.jpg,C:\Users\Ansagan\Documents\Ansagan\Ansagan\dataset\labels\val\belgi12_85.txt,16,belgi12,0.4859375,0.34453125,0.1875,0.3328125,0.062402343750000006,0.5633802816901409,135.63573974609375,74.49000698181615
val,C:\Users\Ansagan\Documents\Ansagan\Ansagan\dataset\images\val\belgi12_91.jpg,C:\Users\Ansagan\Documents\Ansagan\Ansagan\dataset\labels\val\belgi12_91.txt,16,belgi12,0.61328125,0.371875,0.1703125,0.3125,0.05322265625,0.545,111.39188232421876,76.41329159795309
val,C:\Users\Ansagan\Documents\Ansagan\Ansagan\dataset\images\val\belgi12_97.jpg,C:\Users\Ansagan\Documents\Ansagan\Ansagan\dataset\labels\val\belgi12_97.txt,16,belgi12,0.56640625,0.671875,0.18281250000000002,0.31562500000000004,0.057700195312500015,0.5792079207920792,124.8818212890625,74.2258147861462
val,C:\Users\Ansagan\Documents\Ansagan\Ansagan\dataset\images\val\belgi12_98.jpg,C:\Users\Ansagan\Documents\Ansagan\Ansagan\dataset\labels\val\belgi12_98.txt,16,belgi12,0.66953125,0.5703125,0.3171875,0.18125000000000002,0.05749023437500001,1.7499999999999998,124.7644677734375,74.3347340329535
val,C:\Users\Ansagan\Documents\Ansagan\Ansagan\dataset\images\val\belgi13_102.jpg,C:\Users\Ansagan\Documents\Ansagan\Ansagan\dataset\labels\val\belgi13_102.txt,17,belgi13,0.8078125,0.39296875000000003,0.215625,0.38906250000000003,0.08389160156250001,0.5542168674698795,129.0548779296875,77.3433210918331
val,C:\Users\Ansagan\Documents\Ansagan\Ansagan\dataset\images\val\belgi13_103.jpg,C:\Users\Ansagan\Documents\Ansagan\Ansagan\dataset\labels\val\belgi13_103.txt,17,belgi13,0.39609375,0.8109375000000001,0.3984375,0.20625000000000002,0.082177734375,1.9318181818181817,128.88462158203126,77.50096304737049
val,C:\Users\Ansagan\Documents\Ansagan\Ansagan\dataset\images\val\belgi13_105.jpg,C:\Users\Ansagan\Documents\Ansagan\Ansagan\dataset\labels\val\belgi13_105.txt,17,belgi13,0.19375,0.39687500000000003,0.21875,0.390625,0.08544921875,0.56,125.94531494140625,77.34353844840658
val,C:\Users\Ansagan\Documents\Ansagan\Ansagan\dataset\images\val\belgi13_106.jpg,C:\Users\Ansagan\Documents\Ansagan\Ansagan\dataset\labels\val\belgi13_106.txt,17,belgi13,0.15781250000000002,0.22031250000000002,0.20625000000000002,0.39375000000000004,0.08121093750000001,0.5238095238095238,116.74536865234376,77.1376859709884
val,C:\Users\Ansagan\Documents\Ansagan\Ansagan\dataset\images\val\belgi13_113.jpg,C:\Users\Ansagan\Documents\Ansagan\Ansagan\dataset\labels\val\belgi13_113.txt,17,belgi13,0.2078125,0.45234375000000004,0.403125,0.2234375,0.09007324218750001,1.8041958041958042,115.6193603515625,79.5571893245586
val,C:\Users\Ansagan\Documents\Ansagan\Ansagan\dataset\images\val\belgi13_137.jpg,C:\Users\Ansagan\Documents\Ansagan\Ansagan\dataset\labels\val\belgi13_137.txt,17,belgi13,0.8367187500000001,0.37031250000000004,0.1796875,0.359375,0.0645751953125,0.5,133.49121826171876,76.0045746145204
val,C:\Users\Ansagan\Documents\Ansagan\Ansagan\dataset\images\val\belgi13_139.jpg,C:\Users\Ansagan\Documents\Ansagan\Ansagan\dataset\labels\val\belgi13_139.txt,17,belgi13,0.6312500000000001,0.16171875000000002,0.359375,0.1765625,0.06345214843750001,2.0353982300884956,133.2548291015625,76.1174667135396
val,C:\Users\Ansagan\Documents\Ansagan\Ansagan\dataset\images\val\belgi13_142.jpg,C:\Users\Ansagan\Documents\Ansagan\Ansagan\dataset\labels\val\belgi13_142.txt,17,belgi13,0.8140625,0.24453125,0.22812500000000002,0.3984375,0.0908935546875,0.5725490196078432,136.60037841796876,78.65546311158688
val,C:\Users\Ansagan\Documents\Ansagan\Ansagan\dataset\images\val\belgi13_145.jpg,C:\Users\Ansagan\Documents\Ansagan\Ansagan\dataset\labels\val\belgi13_145.txt,17,belgi13,0.18359375,0.24296875,0.2328125,0.38906250000000003,0.09057861328125001,0.5983935742971888,118.399716796875,78.65588421720341
val,C:\Users\Ansagan\Documents\Ansagan\Ansagan\dataset\images\val\belgi13_148.jpg,C:\Users\Ansagan\Documents\Ansagan\Ansagan\dataset\labels\val\belgi13_148.txt,17,belgi13,0.796875,0.53828125,0.40625,0.2265625,0.092041015625,1.793103448275862,127.02130859375,73.64551997474173
val,C:\Users\Ansagan\Documents\Ansagan\Ansagan\dataset\images\val\belgi13_15.jpg,C:\Users\Ansagan\Documents\Ansagan\Ansagan\dataset\labels\val\belgi13_15.txt,17,belgi13,0.28828125,0.38828125,0.22968750000000002,0.3953125,0.09079833984375,0.5810276679841897,128.32401611328126,80.08947018037502
val,C:\Users\Ansagan\Documents\Ansagan\Ansagan\dataset\images\val\belgi13_151.jpg,C:\Users\Ansagan\Documents\Ansagan\Ansagan\dataset\labels\val\belgi13_151.txt,17,belgi13,0.3828125,0.846875,0.225,0.30625,0.06890625,0.7346938775510203,126.237236328125,70.49724550787822
val,C:\Users\Ansagan\Documents\Ansagan\Ansagan\dataset\images\val\belgi13_158.jpg,C:\Users\Ansagan\Documents\Ansagan\Ansagan\dataset\labels\val\belgi13_158.txt,17,belgi13,0.7367187500000001,0.36328125,0.3953125,0.2171875,0.08585693359375,1.8201438848920863,124.2008935546875,77.20646084286759
val,C:\Users\Ansagan\Documents\Ansagan\Ansagan\dataset\images\val\belgi13_168.jpg,C:\Users\Ansagan\Documents\Ansagan\Ansagan\dataset\labels\val\belgi13_168.txt,17,belgi13,0.7156250000000001,0.22578125000000002,0.30000000000000004,0.1203125,0.03609375000000001,2.493506493506494,117.44237060546875,78.47488843190388
val,C:\Users\Ansagan\Documents\Ansagan\Ansagan\dataset\images\val\belgi13_171.jpg,C:\Users\Ansagan\Documents\Ansagan\Ansagan\dataset\labels\val\belgi13_171.txt,17,belgi13,0.40703125,0.78125,0.13593750000000002,0.384375,0.05225097656250001,0.3536585365853659,120.39197021484375,74.49243905289916
val,C:\Users\Ansagan\Documents\Ansagan\Ansagan\dataset\images\val\belgi13_173.jpg,C:\Users\Ansagan\Documents\Ansagan\Ansagan\dataset\labels\val\belgi13_173.txt,17,belgi13,0.78828125,0.59765625,0.3828125,0.1390625,0.05323486328125,2.752808988764045,120.2211083984375,74.63562449063711
val,C:\Users\Ansagan\Documents\Ansagan\Ansagan\dataset\images\val\belgi13_176.jpg,C:\Users\Ansagan\Documents\Ansagan\Ansagan\dataset\labels\val\belgi13_176.txt,17,belgi13,0.46328125000000003,0.61875,0.2328125,0.39687500000000003,0.09239746093750001,0.5866141732283464,118.3775,74.9287412364658
val,C:\Users\Ansagan\Documents\Ansagan\Ansagan\dataset\images\val\belgi13_18.jpg,C:\Users\Ansagan\Documents\Ansagan\Ansagan\dataset\labels\val\belgi13_18.txt,17,belgi13,0.38593750000000004,0.5593750000000001,0.415625,0.23750000000000002,0.09871093750000001,1.75,124.63468017578126,80.8590821306306
val,C:\Users\Ansagan\Documents\Ansagan\Ansagan\dataset\images\val\belgi13_180.jpg,C:\Users\Ansagan\Documents\Ansagan\Ansagan\dataset\labels\val\belgi13_180.txt,17,belgi13,0.46406250000000004,0.6179687500000001,0.225,0.3953125,0.0889453125,0.5691699604743083,136.62234375,74.9287647234585
val,C:\Users\Ansagan\Documents\Ansagan\Ansagan\dataset\images\val\belgi13_184.jpg,C:\Users\Ansagan\Documents\Ansagan\Ansagan\dataset\labels\val\belgi13_184.txt,17,belgi13,0.41875,0.26328125,0.43125,0.2265625,0.09770507812500001,1.903448275862069,124.924541015625,74.74441927121835
val,C:\Users\Ansagan\Documents\Ansagan\Ansagan\dataset\images\val\belgi13_191.jpg,C:\Users\Ansagan\Documents\Ansagan\Ansagan\dataset\labels\val\belgi13_191.txt,17,belgi13,0.32421875,0.340625,0.22968750000000002,0.415625,0.09546386718750001,0.5526315789473685,125.92016845703125,83.18303543541175
val,C:\Users\Ansagan\Documents\Ansagan\Ansagan\dataset\images\val\belgi13_193.jpg,C:\Users\Ansagan\Documents\Ansagan\Ansagan\dataset\labels\val\belgi13_193.txt,17,belgi13,0.34296875000000004,0.67578125,0.42031250000000003,0.2234375,0.09391357421875002,1.8811188811188813,125.7608154296875,83.32057934919244
val,C:\Users\Ansagan\Documents\Ansagan\Ansagan\dataset\images\val\belgi13_194.jpg,C:\Users\Ansagan\Documents\Ansagan\Ansagan\dataset\labels\val\belgi13_194.txt,17,belgi13,0.6546875000000001,0.32265625000000003,0.40937500000000004,0.2328125,0.09530761718750001,1.7583892617449666,125.65255859375,83.29323209005811
val,C:\Users\Ansagan\Documents\Ansagan\Ansagan\dataset\images\val\belgi13_2.jpg,C:\Users\Ansagan\Documents\Ansagan\Ansagan\dataset\labels\val\belgi13_2.txt,17,belgi13,0.6117187500000001,0.56796875,0.18906250000000002,0.3171875,0.059968261718750006,0.5960591133004927,123.66718017578125,78.27771165286539
val,C:\Users\Ansagan\Documents\Ansagan\Ansagan\dataset\images\val\belgi13_205.jpg,C:\Users\Ansagan\Documents\Ansagan\Ansagan\dataset\labels\val\belgi13_205.txt,17,belgi13,0.7523437500000001,0.553125,0.18281250000000002,0.31875000000000003,0.05827148437500001,0.5735294117647058,136.003828125,79.31076073000449
val,C:\Users\Ansagan\Documents\Ansagan\Ansagan\dataset\images\val\belgi13_217.jpg,C:\Users\Ansagan\Documents\Ansagan\Ansagan\dataset\labels\val\belgi13_217.txt,17,belgi13,0.70234375,0.5398437500000001,0.23593750000000002,0.3953125,0.09326904296875001,0.5968379446640316,129.60002197265624,78.36608620624533
val,C:\Users\Ansagan\Documents\Ansagan\Ansagan\dataset\images\val\belgi13_218.jpg,C:\Users\Ansagan\Documents\Ansagan\Ansagan\dataset\labels\val\belgi13_218.txt,17,belgi13,0.5421875,0.70234375,0.4,0.2265625,0.09062500000000001,1.7655172413793105,129.44114990234374,78.5180013853436
val,C:\Users\Ansagan\Documents\Ansagan\Ansagan\dataset\images\val\belgi13_228.jpg,C:\Users\Ansagan\Documents\Ansagan\Ansagan\dataset\labels\val\belgi13_228.txt,17,belgi13,0.37890625,0.421875,0.49843750000000003,0.278125,0.1386279296875,1.7921348314606742,112.14603759765625,80.76631437527755
val,C:\Users\Ansagan\Documents\Ansagan\Ansagan\dataset\images\val\belgi13_23.jpg,C:\Users\Ansagan\Documents\Ansagan\Ansagan\dataset\labels\val\belgi13_23.txt,17,belgi13,0.4265625,0.35234375,0.39687500000000003,0.22968750000000002,0.09115722656250001,1.727891156462585,120.6588525390625,79.7978310977315
val,C:\Users\Ansagan\Documents\Ansagan\Ansagan\dataset\images\val\belgi13_232.jpg,C:\Users\Ansagan\Documents\Ansagan\Ansagan\dataset\labels\val\belgi13_232.txt,17,belgi13,0.2421875,0.44296875,0.2625,0.46406250000000004,0.12181640625000002,0.5656565656565656,116.76287109375,83.98739032586384
val,C:\Users\Ansagan\Documents\Ansagan\Ansagan\dataset\images\val\belgi13_236.jpg,C:\Users\Ansagan\Documents\Ansagan\Ansagan\dataset\labels\val\belgi13_236.txt,17,belgi13,0.84375,0.5203125000000001,0.215625,0.39687500000000003,0.08557617187500001,0.5433070866141733,118.502705078125,83.47805956195572
val,C:\Users\Ansagan\Documents\Ansagan\Ansagan\dataset\images\val\belgi13_242.jpg,C:\Users\Ansagan\Documents\Ansagan\Ansagan\dataset\labels\val\belgi13_242.txt,17,belgi13,0.496875,0.44453125000000004,0.33437500000000003,0.5828125000000001,0.19487792968750003,0.5737265415549597,111.5734130859375,77.87430782052978
val,C:\Users\Ansagan\Documents\Ansagan\Ansagan\dataset\images\val\belgi13_243.jpg,C:\Users\Ansagan\Documents\Ansagan\Ansagan\dataset\labels\val\belgi13_243.txt,17,belgi13,0.44296875,0.496875,0.5796875,0.33437500000000003,0.1938330078125,1.733644859813084,111.47126953125,77.9729061376601
val,C:\Users\Ansagan\Documents\Ansagan\Ansagan\dataset\images\val\belgi13_246.jpg,C:\Users\Ansagan\Documents\Ansagan\Ansagan\dataset\labels\val\belgi13_246.txt,17,belgi13,0.31484375000000003,0.51875,0.3671875,0.640625,0.2352294921875,0.573170731707317,119.92316162109375,71.99339088904877
val,C:\Users\Ansagan\Documents\Ansagan\Ansagan\dataset\images\val\belgi13_249.jpg,C:\Users\Ansagan\Documents\Ansagan\Ansagan\dataset\labels\val\belgi13_249.txt,17,belgi13,0.48515625,0.31328125,0.6390625000000001,0.35781250000000003,0.22866455078125006,1.7860262008733625,119.75284912109375,72.11865242281569
val,C:\Users\Ansagan\Documents\Ansagan\Ansagan\dataset\images\val\belgi13_26.jpg,C:\Users\Ansagan\Documents\Ansagan\Ansagan\dataset\labels\val\belgi13_26.txt,17,belgi13,0.61328125,0.60859375,0.19843750000000002,0.32656250000000003,0.06480224609375002,0.6076555023923444,123.06831787109375,76.81152065430734
val,C:\Users\Ansagan\Documents\Ansagan\Ansagan\dataset\images\val\belgi13_28.jpg,C:\Users\Ansagan\Documents\Ansagan\Ansagan\dataset\labels\val\belgi13_28.txt,17,belgi13,0.60546875,0.38515625000000003,0.32656250000000003,0.1921875,0.06276123046875001,1.6991869918699187,122.901376953125,76.95647121568912
val,C:\Users\Ansagan\Documents\Ansagan\Ansagan\dataset\images\val\belgi13_31.jpg,C:\Users\Ansagan\Documents\Ansagan\Ansagan\dataset\labels\val\belgi13_31.txt,17,belgi13,0.40390625,0.7125,0.2015625,0.31875000000000003,0.064248046875,0.6323529411764706,128.63822998046874,74.37506035903434
val,C:\Users\Ansagan\Documents\Ansagan\Ansagan\dataset\images\val\belgi13_39.jpg,C:\Users\Ansagan\Documents\Ansagan\Ansagan\dataset\labels\val\belgi13_39.txt,17,belgi13,0.4609375,0.21171875,0.328125,0.1765625,0.0579345703125,1.8584070796460175,131.9956689453125,74.18970027402577
val,C:\Users\Ansagan\Documents\Ansagan\Ansagan\dataset\images\val\belgi13_46.jpg,C:\Users\Ansagan\Documents\Ansagan\Ansagan\dataset\labels\val\belgi13_46.txt,17,belgi13,0.42500000000000004,0.26875,0.20625000000000002,0.36250000000000004,0.07476562500000002,0.5689655172413793,125.9117626953125,79.81722704848441
val,C:\Users\Ansagan\Documents\Ansagan\Ansagan\dataset\images\val\belgi13_47.jpg,C:\Users\Ansagan\Documents\Ansagan\Ansagan\dataset\labels\val\belgi13_47.txt,17,belgi13,0.5765625,0.27109375,0.209375,0.3640625,0.0762255859375,0.575107296137339,125.91146728515625,79.81762379149181
val,C:\Users\Ansagan\Documents\Ansagan\Ansagan\dataset\images\val\belgi13_48.jpg,C:\Users\Ansagan\Documents\Ansagan\Ansagan\dataset\labels\val\belgi13_48.txt,17,belgi13,0.2734375,0.57578125,0.36250000000000004,0.2078125,0.07533203125000001,1.7443609022556392,125.74244384765625,79.96154483638594
val,C:\Users\Ansagan\Documents\Ansagan\Ansagan\dataset\images\val\belgi13_53.jpg,C:\Users\Ansagan\Documents\Ansagan\Ansagan\dataset\labels\val\belgi13_53.txt,17,belgi13,0.2828125,0.45703125,0.36875,0.20468750000000002,0.075478515625,1.8015267175572518,120.74979736328125,80.85029410788798
val,C:\Users\Ansagan\Documents\Ansagan\Ansagan\dataset\images\val\belgi13_56.jpg,C:\Users\Ansagan\Documents\Ansagan\Ansagan\dataset\labels\val\belgi13_56.txt,17,belgi13,0.6429687500000001,0.49765625,0.19843750000000002,0.33906250000000004,0.06728271484375001,0.5852534562211982,124.79541015625,79.82954606062742
val,C:\Users\Ansagan\Documents\Ansagan\Ansagan\dataset\images\val\belgi13_57.jpg,C:\Users\Ansagan\Documents\Ansagan\Ansagan\dataset\labels\val\belgi13_57.txt,17,belgi13,0.35703125,0.49921875000000004,0.19843750000000002,0.3359375,0.06666259765625,0.5906976744186047,124.79524169921875,79.82977275111894
val,C:\Users\Ansagan\Documents\Ansagan\Ansagan\dataset\images\val\belgi13_59.jpg,C:\Users\Ansagan\Documents\Ansagan\Ansagan\dataset\labels\val\belgi13_59.txt,17,belgi13,0.50546875,0.6421875,0.3515625,0.19687500000000002,0.06921386718750001,1.7857142857142856,124.56884521484375,79.90798218439573
val,C:\Users\Ansagan\Documents\Ansagan\Ansagan\dataset\images\val\belgi13_61.jpg,C:\Users\Ansagan\Documents\Ansagan\Ansagan\dataset\labels\val\belgi13_61.txt,17,belgi13,0.7054687500000001,0.32890625,0.18906250000000002,0.3515625,0.06646728515625001,0.5377777777777778,117.13576171875,79.43328950661466
val,C:\Users\Ansagan\Documents\Ansagan\Ansagan\dataset\images\val\belgi13_70.jpg,C:\Users\Ansagan\Documents\Ansagan\Ansagan\dataset\labels\val\belgi13_70.txt,17,belgi13,0.49296875,0.6101562500000001,0.19843750000000002,0.32343750000000004,0.06418212890625001,0.6135265700483091,126.5576416015625,76.46722626128273
val,C:\Users\Ansagan\Documents\Ansagan\Ansagan\dataset\images\val\belgi13_71.jpg,C:\Users\Ansagan\Documents\Ansagan\Ansagan\dataset\labels\val\belgi13_71.txt,17,belgi13,0.31953125000000004,0.59765625,0.1953125,0.32343750000000004,0.06317138671875001,0.6038647342995168,129.80613525390626,74.65653308048091
val,C:\Users\Ansagan\Documents\Ansagan\Ansagan\dataset\images\val\belgi13_76.jpg,C:\Users\Ansagan\Documents\Ansagan\Ansagan\dataset\labels\val\belgi13_76.txt,17,belgi13,0.21484375,0.759375,0.1765625,0.321875,0.05683105468750001,0.5485436893203883,133.1553857421875,69.18292100219624
val,C:\Users\Ansagan\Documents\Ansagan\Ansagan\dataset\images\val\belgi13_81.jpg,C:\Users\Ansagan\Documents\Ansagan\Ansagan\dataset\labels\val\belgi13_81.txt,17,belgi13,0.5281250000000001,0.7914062500000001,0.20625000000000002,0.35781250000000003,0.07379882812500001,0.5764192139737991,127.939345703125,75.28094345206384
val,C:\Users\Ansagan\Documents\Ansagan\Ansagan\dataset\images\val\belgi13_90.jpg,C:\Users\Ansagan\Documents\Ansagan\Ansagan\dataset\labels\val\belgi13_90.txt,17,belgi13,0.7328125000000001,0.821875,0.203125,0.34375,0.06982421875,0.5909090909090909,134.98609619140626,79.72979881993746
val,C:\Users\Ansagan\Documents\Ansagan\Ansagan\dataset\images\val\belgi13_92.jpg,C:\Users\Ansagan\Documents\Ansagan\Ansagan\dataset\labels\val\belgi13_92.txt,17,belgi13,0.2765625,0.54453125,0.20625000000000002,0.3515625,0.072509765625,0.5866666666666667,118.5083251953125,80.7491032447528
val,C:\Users\Ansagan\Documents\Ansagan\Ansagan\dataset\images\val\belgi14_100.jpg,C:\Users\Ansagan\Documents\Ansagan\Ansagan\dataset\labels\val\belgi14_100.txt,18,belgi14,0.240625,0.6882812500000001,0.15000000000000002,0.43281250000000004,0.06492187500000002,0.3465703971119134,123.9791259765625,71.46485132169097
val,C:\Users\Ansagan\Documents\Ansagan\Ansagan\dataset\images\val\belgi14_104.jpg,C:\Users\Ansagan\Documents\Ansagan\Ansagan\dataset\labels\val\belgi14_104.txt,18,belgi14,0.27187500000000003,0.4734375,0.4625,0.15937500000000002,0.07371093750000002,2.9019607843137254,128.79728271484376,75.68608620130803
val,C:\Users\Ansagan\Documents\Ansagan\Ansagan\dataset\images\val\belgi14_112.jpg,C:\Users\Ansagan\Documents\Ansagan\Ansagan\dataset\labels\val\belgi14_112.txt,18,belgi14,0.340625,0.60078125,0.209375,0.4921875,0.1030517578125,0.4253968253968254,122.8395458984375,79.12689744953421
val,C:\Users\Ansagan\Documents\Ansagan\Ansagan\dataset\images\val\belgi14_114.jpg,C:\Users\Ansagan\Documents\Ansagan\Ansagan\dataset\labels\val\belgi14_114.txt,18,belgi14,0.40703125,0.665625,0.5015625,0.19062500000000002,0.09561035156250001,2.6311475409836063,122.62203125,79.20000882219979
val,C:\Users\Ansagan\Documents\Ansagan\Ansagan\dataset\images\val\belgi14_115.jpg,C:\Users\Ansagan\Documents\Ansagan\Ansagan\dataset\labels\val\belgi14_115.txt,18,belgi14,0.659375,0.6039062500000001,0.215625,0.4921875,0.10612792968750001,0.4380952380952381,132.16048583984374,79.12692038705754
val,C:\Users\Ansagan\Documents\Ansagan\Ansagan\dataset\images\val\belgi14_12.jpg,C:\Users\Ansagan\Documents\Ansagan\Ansagan\dataset\labels\val\belgi14_12.txt,18,belgi14,0.41015625,0.46406250000000004,0.2078125,0.42812500000000003,0.08896972656250002,0.48540145985401456,112.26926513671874,74.80987747137569
val,C:\Users\Ansagan\Documents\Ansagan\Ansagan\dataset\images\val\belgi14_123.jpg,C:\Users\Ansagan\Documents\Ansagan\Ansagan\dataset\labels\val\belgi14_123.txt,18,belgi14,0.4,0.7125,0.478125,0.1875,0.08964843750000001,2.5500000000000003,124.39392578125,75.95960804219686
val,C:\Users\Ansagan\Documents\Ansagan\Ansagan\dataset\images\val\belgi14_127.jpg,C:\Users\Ansagan\Documents\Ansagan\Ansagan\dataset\labels\val\belgi14_127.txt,18,belgi14,0.89453125,0.39140625,0.15781250000000002,0.4765625,0.07520751953125002,0.3311475409836066,131.25914794921874,72.10332384589196
val,C:\Users\Ansagan\Documents\Ansagan\Ansagan\dataset\images\val\belgi14_14.jpg,C:\Users\Ansagan\Documents\Ansagan\Ansagan\dataset\labels\val\belgi14_14.txt,18,belgi14,0.534375,0.5921875,0.41875,0.20625000000000002,0.08636718750000001,2.0303030303030303,112.05087158203125,74.86324953102063
val,C:\Users\Ansagan\Documents\Ansagan\Ansagan\dataset\images\val\belgi14_142.jpg,C:\Users\Ansagan\Documents\Ansagan\Ansagan\dataset\labels\val\belgi14_142.txt,18,belgi14,0.5476562500000001,0.6703125000000001,0.3015625,0.34375,0.103662109375,0.8772727272727273,121.429306640625,73.41638571140302
val,C:\Users\Ansagan\Documents\Ansagan\Ansagan\dataset\images\val\belgi14_148.jpg,C:\Users\Ansagan\Documents\Ansagan\Ansagan\dataset\labels\val\belgi14_148.txt,18,belgi14,0.7234375000000001,0.6546875000000001,0.38125000000000003,0.29375,0.11199218750000002,1.297872340425532,126.13556884765624,69.24294436426051
val,C:\Users\Ansagan\Documents\Ansagan\Ansagan\dataset\images\val\belgi14_149.jpg,C:\Users\Ansagan\Documents\Ansagan\Ansagan\dataset\labels\val\belgi14_149.txt,18,belgi14,0.28359375000000003,0.34296875000000004,0.37343750000000003,0.2921875,0.10911376953125,1.2780748663101607,126.08228515625,69.1851668083665
val,C:\Users\Ansagan\Documents\Ansagan\Ansagan\dataset\images\val\belgi14_151.jpg,C:\Users\Ansagan\Documents\Ansagan\Ansagan\dataset\labels\val\belgi14_151.txt,18,belgi14,0.2703125,0.7875000000000001,0.30625,0.41250000000000003,0.126328125,0.7424242424242424,127.99410400390624,64.66308141851896
val,C:\Users\Ansagan\Documents\Ansagan\Ansagan\dataset\images\val\belgi14_153.jpg,C:\Users\Ansagan\Documents\Ansagan\Ansagan\dataset\labels\val\belgi14_153.txt,18,belgi14,0.7898437500000001,0.734375,0.40468750000000003,0.275,0.11128906250000002,1.4715909090909092,127.84576416015625,64.83845021924145
val,C:\Users\Ansagan\Documents\Ansagan\Ansagan\dataset\images\val\belgi14_154.jpg,C:\Users\Ansagan\Documents\Ansagan\Ansagan\dataset\labels\val\belgi14_154.txt,18,belgi14,0.20546875,0.26640625,0.3953125,0.2890625,0.11427001953125,1.3675675675675676,127.79107421875,64.78088113753493
val,C:\Users\Ansagan\Documents\Ansagan\Ansagan\dataset\images\val\belgi14_155.jpg,C:\Users\Ansagan\Documents\Ansagan\Ansagan\dataset\labels\val\belgi14_155.txt,18,belgi14,0.26875,0.7921875,0.290625,0.4,0.11625000000000002,0.7265625,127.005322265625,64.66273005524069
val,C:\Users\Ansagan\Documents\Ansagan\Ansagan\dataset\images\val\belgi14_157.jpg,C:\Users\Ansagan\Documents\Ansagan\Ansagan\dataset\labels\val\belgi14_157.txt,18,belgi14,0.7585937500000001,0.371875,0.32343750000000004,0.43125,0.13948242187500004,0.7500000000000001,127.45467041015625,79.87790396541445
val,C:\Users\Ansagan\Documents\Ansagan\Ansagan\dataset\images\val\belgi14_158.jpg,C:\Users\Ansagan\Documents\Ansagan\Ansagan\dataset\labels\val\belgi14_158.txt,18,belgi14,0.371875,0.7585937500000001,0.44062500000000004,0.3015625,0.13287597656250003,1.461139896373057,127.298154296875,80.02121536021677
val,C:\Users\Ansagan\Documents\Ansagan\Ansagan\dataset\images\val\belgi14_161.jpg,C:\Users\Ansagan\Documents\Ansagan\Ansagan\dataset\labels\val\belgi14_161.txt,18,belgi14,0.1796875,0.52578125,0.29375,0.3984375,0.11704101562500001,0.7372549019607844,122.97418212890625,73.75833761755685
val,C:\Users\Ansagan\Documents\Ansagan\Ansagan\dataset\images\val\belgi14_168.jpg,C:\Users\Ansagan\Documents\Ansagan\Ansagan\dataset\labels\val\belgi14_168.txt,18,belgi14,0.5375,0.46796875000000004,0.603125,0.23593750000000002,0.14229980468750003,2.5562913907284766,121.01935302734375,74.94311797365171
val,C:\Users\Ansagan\Documents\Ansagan\Ansagan\dataset\images\val\belgi14_17.jpg,C:\Users\Ansagan\Documents\Ansagan\Ansagan\dataset\labels\val\belgi14_17.txt,18,belgi14,0.6953125,0.4859375,0.21250000000000002,0.553125,0.11753906250000001,0.38418079096045205,127.05537841796875,75.62316986504767
val,C:\Users\Ansagan\Documents\Ansagan\Ansagan\dataset\images\val\belgi14_174.jpg,C:\Users\Ansagan\Documents\Ansagan\Ansagan\dataset\labels\val\belgi14_174.txt,18,belgi14,0.45546875000000003,0.35859375000000004,0.5953125,0.2265625,0.13487548828125,2.627586206896552,126.34960693359375,73.72210290099115
val,C:\Users\Ansagan\Documents\Ansagan\Ansagan\dataset\images\val\belgi14_189.jpg,C:\Users\Ansagan\Documents\Ansagan\Ansagan\dataset\labels\val\belgi14_189.txt,18,belgi14,0.38203125000000004,0.50625,0.5546875,0.23125,0.128271484375,2.3986486486486487,126.141318359375,73.6563873554896
val,C:\Users\Ansagan\Documents\Ansagan\Ansagan\dataset\images\val\belgi14_191.jpg,C:\Users\Ansagan\Documents\Ansagan\Ansagan\dataset\labels\val\belgi14_191.txt,18,belgi14,0.534375,0.7234375000000001,0.21875,0.553125,0.12099609374999999,0.3954802259887006,124.50824462890625,73.06168112240742
val,C:\Users\Ansagan\Documents\Ansagan\Ansagan\dataset\images\val\belgi14_194.jpg,C:\Users\Ansagan\Documents\Ansagan\Ansagan\dataset\labels\val\belgi14_194.txt,18,belgi14,0.27265625,0.5265625,0.5421875,0.23125,0.12538085937500001,2.3445945945945947,124.29104248046875,73.15109072365031
val,C:\Users\Ansagan\Documents\Ansagan\Ansagan\dataset\images\val\belgi14_200.jpg,C:\Users\Ansagan\Documents\Ansagan\Ansagan\dataset\labels\val\belgi14_200.txt,18,belgi14,0.67578125,0.72265625,0.2265625,0.5546875,0.12567138671875,0.4084507042253521,135.1511181640625,76.3846083884185
val,C:\Users\Ansagan\Documents\Ansagan\Ansagan\dataset\images\val\belgi14_201.jpg,C:\Users\Ansagan\Documents\Ansagan\Ansagan\dataset\labels\val\belgi14_201.txt,18,belgi14,0.74921875,0.7171875000000001,0.1859375,0.5,0.09296875,0.371875,115.58377197265625,78.98731423086264
val,C:\Users\Ansagan\Documents\Ansagan\Ansagan\dataset\images\val\belgi14_204.jpg,C:\Users\Ansagan\Documents\Ansagan\Ansagan\dataset\labels\val\belgi14_204.txt,18,belgi14,0.2703125,0.7515625,0.534375,0.2,0.10687500000000001,2.671875,115.362607421875,79.04681415691337
val,C:\Users\Ansagan\Documents\Ansagan\Ansagan\dataset\images\val\belgi14_207.jpg,C:\Users\Ansagan\Documents\Ansagan\Ansagan\dataset\labels\val\belgi14_207.txt,18,belgi14,0.32265625000000003,0.7210937500000001,0.1859375,0.4453125,0.08280029296875001,0.41754385964912283,125.0386474609375,77.191185169663
val,C:\Users\Ansagan\Documents\Ansagan\Ansagan\dataset\images\val\belgi14_211.jpg,C:\Users\Ansagan\Documents\Ansagan\Ansagan\dataset\labels\val\belgi14_211.txt,18,belgi14,0.59140625,0.6859375000000001,0.1640625,0.39375000000000004,0.064599609375,0.41666666666666663,124.7098974609375,75.9490733573303
val,C:\Users\Ansagan\Documents\Ansagan\Ansagan\dataset\images\val\belgi14_216.jpg,C:\Users\Ansagan\Documents\Ansagan\Ansagan\dataset\labels\val\belgi14_216.txt,18,belgi14,0.6492187500000001,0.628125,0.1453125,0.35625,0.051767578125000005,0.40789473684210525,122.9710595703125,76.76570503220924
val,C:\Users\Ansagan\Documents\Ansagan\Ansagan\dataset\images\val\belgi14_219.jpg,C:\Users\Ansagan\Documents\Ansagan\Ansagan\dataset\labels\val\belgi14_219.txt,18,belgi14,0.3796875,0.65,0.353125,0.14375000000000002,0.05076171875000001,2.4565217391304346,122.73618408203124,76.84027660466195
val,C:\Users\Ansagan\Documents\Ansagan\Ansagan\dataset\images\val\belgi14_226.jpg,C:\Users\Ansagan\Documents\Ansagan\Ansagan\dataset\labels\val\belgi14_226.txt,18,belgi14,0.37343750000000003,0.2828125,0.16875,0.45,0.0759375,0.375,124.3824169921875,79.09516224056483
val,C:\Users\Ansagan\Documents\Ansagan\Ansagan\dataset\images\val\belgi14_227.jpg,C:\Users\Ansagan\Documents\Ansagan\Ansagan\dataset\labels\val\belgi14_227.txt,18,belgi14,0.625,0.28750000000000003,0.178125,0.44375000000000003,0.07904296875000001,0.4014084507042253,124.382841796875,79.09484691882076
val,C:\Users\Ansagan\Documents\Ansagan\Ansagan\dataset\images\val\belgi14_232.jpg,C:\Users\Ansagan\Documents\Ansagan\Ansagan\dataset\labels\val\belgi14_232.txt,18,belgi14,0.78046875,0.36562500000000003,0.2015625,0.48125,0.097001953125,0.41883116883116883,128.09450927734375,75.90376180262388
val,C:\Users\Ansagan\Documents\Ansagan\Ansagan\dataset\images\val\belgi14_235.jpg,C:\Users\Ansagan\Documents\Ansagan\Ansagan\dataset\labels\val\belgi14_235.txt,18,belgi14,0.21484375,0.371875,0.1796875,0.48125,0.086474609375,0.37337662337662336,126.90520263671876,75.90384191890261
val,C:\Users\Ansagan\Documents\Ansagan\Ansagan\dataset\images\val\belgi14_241.jpg,C:\Users\Ansagan\Documents\Ansagan\Ansagan\dataset\labels\val\belgi14_241.txt,18,belgi14,0.16640625,0.70234375,0.1859375,0.4890625,0.09093505859375,0.3801916932907348,137.039501953125,72.95675859810778
val,C:\Users\Ansagan\Documents\Ansagan\Ansagan\dataset\images\val\belgi14_243.jpg,C:\Users\Ansagan\Documents\Ansagan\Ansagan\dataset\labels\val\belgi14_243.txt,18,belgi14,0.7046875,0.84375,0.48750000000000004,0.16875,0.08226562500000001,2.888888888888889,136.8572314453125,73.14269102208567
val,C:\Users\Ansagan\Documents\Ansagan\Ansagan\dataset\images\val\belgi14_245.jpg,C:\Users\Ansagan\Documents\Ansagan\Ansagan\dataset\labels\val\belgi14_245.txt,18,belgi14,0.16484375,0.6976562500000001,0.18281250000000002,0.4890625,0.08940673828125001,0.3738019169329074,117.96051025390625,72.95693433935305
val,C:\Users\Ansagan\Documents\Ansagan\Ansagan\dataset\images\val\belgi14_247.jpg,C:\Users\Ansagan\Documents\Ansagan\Ansagan\dataset\labels\val\belgi14_247.txt,18,belgi14,0.7210937500000001,0.7039062500000001,0.21406250000000002,0.5078125,0.10870361328125001,0.4215384615384616,136.05602783203125,74.83056406577174
val,C:\Users\Ansagan\Documents\Ansagan\Ansagan\dataset\images\val\belgi14_29.jpg,C:\Users\Ansagan\Documents\Ansagan\Ansagan\dataset\labels\val\belgi14_29.txt,18,belgi14,0.52890625,0.22578125000000002,0.7109375,0.2765625,0.19661865234375,2.5706214689265536,139.01896728515624,74.38995388079378
val,C:\Users\Ansagan\Documents\Ansagan\Ansagan\dataset\images\val\belgi14_31.jpg,C:\Users\Ansagan\Documents\Ansagan\Ansagan\dataset\labels\val\belgi14_31.txt,18,belgi14,0.36875,0.5007812500000001,0.284375,0.7421875,0.2110595703125,0.3831578947368421,132.15018798828126,74.45757853098019
val,C:\Users\Ansagan\Documents\Ansagan\Ansagan\dataset\images\val\belgi14_4.jpg,C:\Users\Ansagan\Documents\Ansagan\Ansagan\dataset\labels\val\belgi14_4.txt,18,belgi14,0.28359375000000003,0.38203125000000004,0.3828125,0.1484375,0.05682373046875,2.5789473684210527,119.9739404296875,75.46778544673703
val,C:\Users\Ansagan\Documents\Ansagan\Ansagan\dataset\images\val\belgi14_42.jpg,C:\Users\Ansagan\Documents\Ansagan\Ansagan\dataset\labels\val\belgi14_42.txt,18,belgi14,0.28125,0.521875,0.3875,0.8125,0.31484375000000003,0.47692307692307695,112.4125390625,80.23700550701558
val,C:\Users\Ansagan\Documents\Ansagan\Ansagan\dataset\images\val\belgi14_54.jpg,C:\Users\Ansagan\Documents\Ansagan\Ansagan\dataset\labels\val\belgi14_54.txt,18,belgi14,0.37421875000000004,0.60859375,0.4234375,0.3515625,0.14886474609375,1.2044444444444444,112.74341064453125,79.69307792541883
val,C:\Users\Ansagan\Documents\Ansagan\Ansagan\dataset\images\val\belgi14_58.jpg,C:\Users\Ansagan\Documents\Ansagan\Ansagan\dataset\labels\val\belgi14_58.txt,18,belgi14,0.721875,0.6109375,0.43125,0.340625,0.14689453125000002,1.2660550458715596,122.4165869140625,69.98279518109189
val,C:\Users\Ansagan\Documents\Ansagan\Ansagan\dataset\images\val\belgi14_59.jpg,C:\Users\Ansagan\Documents\Ansagan\Ansagan\dataset\labels\val\belgi14_59.txt,18,belgi14,0.28359375000000003,0.390625,0.43593750000000003,0.3375,0.14712890625000002,1.2916666666666667,122.35637939453125,69.94367759298234
val,C:\Users\Ansagan\Documents\Ansagan\Ansagan\dataset\images\val\belgi14_64.jpg,C:\Users\Ansagan\Documents\Ansagan\Ansagan\dataset\labels\val\belgi14_64.txt,18,belgi14,0.52265625,0.5453125,0.42031250000000003,0.34687500000000004,0.14579589843750004,1.2117117117117115,107.4463134765625,81.58867437166724
val,C:\Users\Ansagan\Documents\Ansagan\Ansagan\dataset\images\val\belgi14_70.jpg,C:\Users\Ansagan\Documents\Ansagan\Ansagan\dataset\labels\val\belgi14_70.txt,18,belgi14,0.58984375,0.5875,0.2703125,0.30312500000000003,0.08193847656250001,0.8917525773195876,143.9835498046875,77.6956343658269
