split,image_path,label_path,width,height,brightness,contrast,objects_count,has_label
train,C:\Users\Ansagan\Documents\Ansagan\Ansagan\dataset\images\train\basty_1.jpg,C:\Users\Ansagan\Documents\Ansagan\Ansagan\dataset\labels\train\basty_1.txt,640,640,145.6053369140625,79.65897977885464,1,True
train,C:\Users\Ansagan\Documents\Ansagan\Ansagan\dataset\images\train\basty_10.jpg,C:\Users\Ansagan\Documents\Ansagan\Ansagan\dataset\labels\train\basty_10.txt,640,640,140.04150634765625,76.03884045146647,1,True
train,C:\Users\Ansagan\Documents\Ansagan\Ansagan\dataset\images\train\basty_100.jpg,C:\Users\Ansagan\Documents\Ansagan\Ansagan\dataset\labels\train\basty_100.txt,640,640,116.38802978515625,82.07705299708691,1,True
train,C:\Users\Ansagan\Documents\Ansagan\Ansagan\dataset\images\train\basty_103.jpg,C:\Users\Ansagan\Documents\Ansagan\Ansagan\dataset\labels\train\basty_103.txt,640,640,149.4225341796875,72.97305859217279,1,True
train,C:\Users\Ansagan\Documents\Ansagan\Ansagan\dataset\images\train\basty_104.jpg,C:\Users\Ansagan\Documents\Ansagan\Ansagan\dataset\labels\train\basty_104.txt,640,640,105.577724609375,72.97205217968579,1,True
train,C:\Users\Ansagan\Documents\Ansagan\Ansagan\dataset\images\train\basty_105.jpg,C:\Users\Ansagan\Documents\Ansagan\Ansagan\dataset\labels\train\basty_105.txt,640,640,140.0956591796875,72.39621143662166,1,True
train,C:\Users\Ansagan\Documents\Ansagan\Ansagan\dataset\images\train\basty_106.jpg,C:\Users\Ansagan\Documents\Ansagan\Ansagan\dataset\labels\train\basty_106.txt,640,640,140.09746826171875,72.39344590632403,1,True
train,C:\Users\Ansagan\Documents\Ansagan\Ansagan\dataset\images\train\basty_107.jpg,C:\Users\Ansagan\Documents\Ansagan\Ansagan\dataset\labels\train\basty_107.txt,640,640,140.09544921875,72.39571480591334,1,True
train,C:\Users\Ansagan\Documents\Ansagan\Ansagan\dataset\images\train\basty_109.jpg,C:\Users\Ansagan\Documents\Ansagan\Ansagan\dataset\labels\train\basty_109.txt,640,640,143.202734375,74.83631511442827,1,True
train,C:\Users\Ansagan\Documents\Ansagan\Ansagan\dataset\images\train\basty_11.jpg,C:\Users\Ansagan\Documents\Ansagan\Ansagan\dataset\labels\train\basty_11.txt,640,640,140.0444189453125,76.03707707071135,1,True
train,C:\Users\Ansagan\Documents\Ansagan\Ansagan\dataset\images\train\basty_111.jpg,C:\Users\Ansagan\Documents\Ansagan\Ansagan\dataset\labels\train\basty_111.txt,640,640,143.20470703125,74.83524246605494,1,True
train,C:\Users\Ansagan\Documents\Ansagan\Ansagan\dataset\images\train\basty_112.jpg,C:\Users\Ansagan\Documents\Ansagan\Ansagan\dataset\labels\train\basty_112.txt,640,640,111.79687255859375,74.83409571400186,1,True
train,C:\Users\Ansagan\Documents\Ansagan\Ansagan\dataset\images\train\basty_113.jpg,C:\Users\Ansagan\Documents\Ansagan\Ansagan\dataset\labels\train\basty_113.txt,640,640,132.788798828125,79.64329195629291,1,True
train,C:\Users\Ansagan\Documents\Ansagan\Ansagan\dataset\images\train\basty_115.jpg,C:\Users\Ansagan\Documents\Ansagan\Ansagan\dataset\labels\train\basty_115.txt,640,640,132.7883740234375,79.64850865674084,1,True
train,C:\Users\Ansagan\Documents\Ansagan\Ansagan\dataset\images\train\basty_116.jpg,C:\Users\Ansagan\Documents\Ansagan\Ansagan\dataset\labels\train\basty_116.txt,640,640,122.2107666015625,79.64417327843444,1,True
train,C:\Users\Ansagan\Documents\Ansagan\Ansagan\dataset\images\train\basty_117.jpg,C:\Users\Ansagan\Documents\Ansagan\Ansagan\dataset\labels\train\basty_117.txt,640,640,136.07622314453124,70.92337733243721,1,True
train,C:\Users\Ansagan\Documents\Ansagan\Ansagan\dataset\images\train\basty_118.jpg,C:\Users\Ansagan\Documents\Ansagan\Ansagan\dataset\labels\train\basty_118.txt,640,640,136.0790087890625,70.92441882963998,1,True
train,C:\Users\Ansagan\Documents\Ansagan\Ansagan\dataset\images\train\basty_119.jpg,C:\Users\Ansagan\Documents\Ansagan\Ansagan\dataset\labels\train\basty_119.txt,640,640,136.0762255859375,70.92035241681808,1,True
train,C:\Users\Ansagan\Documents\Ansagan\Ansagan\dataset\images\train\basty_12.jpg,C:\Users\Ansagan\Documents\Ansagan\Ansagan\dataset\labels\train\basty_12.txt,640,640,114.9590283203125,76.0380649755615,1,True
train,C:\Users\Ansagan\Documents\Ansagan\Ansagan\dataset\images\train\basty_120.jpg,C:\Users\Ansagan\Documents\Ansagan\Ansagan\dataset\labels\train\basty_120.txt,640,640,118.923935546875,70.92346392208141,1,True
train,C:\Users\Ansagan\Documents\Ansagan\Ansagan\dataset\images\train\basty_121.jpg,C:\Users\Ansagan\Documents\Ansagan\Ansagan\dataset\labels\train\basty_121.txt,640,640,143.41237548828124,77.44092832952545,1,True
train,C:\Users\Ansagan\Documents\Ansagan\Ansagan\dataset\images\train\basty_123.jpg,C:\Users\Ansagan\Documents\Ansagan\Ansagan\dataset\labels\train\basty_123.txt,640,640,143.4098974609375,77.44002276389826,1,True
train,C:\Users\Ansagan\Documents\Ansagan\Ansagan\dataset\images\train\basty_124.jpg,C:\Users\Ansagan\Documents\Ansagan\Ansagan\dataset\labels\train\basty_124.txt,640,640,111.58925048828125,77.4378118573141,1,True
train,C:\Users\Ansagan\Documents\Ansagan\Ansagan\dataset\images\train\basty_126.jpg,C:\Users\Ansagan\Documents\Ansagan\Ansagan\dataset\labels\train\basty_126.txt,640,640,122.477216796875,82.15313028065351,1,True
train,C:\Users\Ansagan\Documents\Ansagan\Ansagan\dataset\images\train\basty_127.jpg,C:\Users\Ansagan\Documents\Ansagan\Ansagan\dataset\labels\train\basty_127.txt,640,640,122.47783447265626,82.15059278198537,1,True
train,C:\Users\Ansagan\Documents\Ansagan\Ansagan\dataset\images\train\basty_128.jpg,C:\Users\Ansagan\Documents\Ansagan\Ansagan\dataset\labels\train\basty_128.txt,640,640,132.5212255859375,82.15262986307751,1,True
train,C:\Users\Ansagan\Documents\Ansagan\Ansagan\dataset\images\train\basty_129.jpg,C:\Users\Ansagan\Documents\Ansagan\Ansagan\dataset\labels\train\basty_129.txt,640,640,139.29600341796876,76.78398875637963,1,True
train,C:\Users\Ansagan\Documents\Ansagan\Ansagan\dataset\images\train\basty_13.jpg,C:\Users\Ansagan\Documents\Ansagan\Ansagan\dataset\labels\train\basty_13.txt,640,640,142.38977783203126,64.97948808340598,1,True
train,C:\Users\Ansagan\Documents\Ansagan\Ansagan\dataset\images\train\basty_130.jpg,C:\Users\Ansagan\Documents\Ansagan\Ansagan\dataset\labels\train\basty_130.txt,640,640,139.295830078125,76.7825345155732,1,True
train,C:\Users\Ansagan\Documents\Ansagan\Ansagan\dataset\images\train\basty_131.jpg,C:\Users\Ansagan\Documents\Ansagan\Ansagan\dataset\labels\train\basty_131.txt,640,640,139.29455322265625,76.77923718884792,1,True
train,C:\Users\Ansagan\Documents\Ansagan\Ansagan\dataset\images\train\basty_132.jpg,C:\Users\Ansagan\Documents\Ansagan\Ansagan\dataset\labels\train\basty_132.txt,640,640,115.70583740234375,76.78262701061547,1,True
train,C:\Users\Ansagan\Documents\Ansagan\Ansagan\dataset\images\train\basty_133.jpg,C:\Users\Ansagan\Documents\Ansagan\Ansagan\dataset\labels\train\basty_133.txt,640,640,149.65093017578124,76.52340617574657,1,True
train,C:\Users\Ansagan\Documents\Ansagan\Ansagan\dataset\images\train\basty_134.jpg,C:\Users\Ansagan\Documents\Ansagan\Ansagan\dataset\labels\train\basty_134.txt,640,640,149.65276611328125,76.52136737829716,1,True
train,C:\Users\Ansagan\Documents\Ansagan\Ansagan\dataset\images\train\basty_135.jpg,C:\Users\Ansagan\Documents\Ansagan\Ansagan\dataset\labels\train\basty_135.txt,640,640,149.650224609375,76.52305208841395,1,True
train,C:\Users\Ansagan\Documents\Ansagan\Ansagan\dataset\images\train\basty_137.jpg,C:\Users\Ansagan\Documents\Ansagan\Ansagan\dataset\labels\train\basty_137.txt,640,640,130.3805419921875,82.91129682916403,1,True
train,C:\Users\Ansagan\Documents\Ansagan\Ansagan\dataset\images\train\basty_138.jpg,C:\Users\Ansagan\Documents\Ansagan\Ansagan\dataset\labels\train\basty_138.txt,640,640,130.37783935546875,82.91272277679285,1,True
train,C:\Users\Ansagan\Documents\Ansagan\Ansagan\dataset\images\train\basty_139.jpg,C:\Users\Ansagan\Documents\Ansagan\Ansagan\dataset\labels\train\basty_139.txt,640,640,130.380234375,82.91173966431906,1,True
train,C:\Users\Ansagan\Documents\Ansagan\Ansagan\dataset\images\train\basty_140.jpg,C:\Users\Ansagan\Documents\Ansagan\Ansagan\dataset\labels\train\basty_140.txt,640,640,124.62,82.911942089277,1,True
train,C:\Users\Ansagan\Documents\Ansagan\Ansagan\dataset\images\train\basty_141.jpg,C:\Users\Ansagan\Documents\Ansagan\Ansagan\dataset\labels\train\basty_141.txt,640,640,131.4190185546875,76.7162119909468,1,True
train,C:\Users\Ansagan\Documents\Ansagan\Ansagan\dataset\images\train\basty_143.jpg,C:\Users\Ansagan\Documents\Ansagan\Ansagan\dataset\labels\train\basty_143.txt,640,640,131.4219140625,76.7171207900357,1,True
train,C:\Users\Ansagan\Documents\Ansagan\Ansagan\dataset\images\train\basty_146.jpg,C:\Users\Ansagan\Documents\Ansagan\Ansagan\dataset\labels\train\basty_146.txt,640,640,139.8464990234375,75.86129488397646,1,True
train,C:\Users\Ansagan\Documents\Ansagan\Ansagan\dataset\images\train\basty_148.jpg,C:\Users\Ansagan\Documents\Ansagan\Ansagan\dataset\labels\train\basty_148.txt,640,640,115.15427490234374,75.86183483097727,1,True
train,C:\Users\Ansagan\Documents\Ansagan\Ansagan\dataset\images\train\basty_149.jpg,C:\Users\Ansagan\Documents\Ansagan\Ansagan\dataset\labels\train\basty_149.txt,640,640,126.60411376953125,81.4002330740071,1,True
train,C:\Users\Ansagan\Documents\Ansagan\Ansagan\dataset\images\train\basty_15.jpg,C:\Users\Ansagan\Documents\Ansagan\Ansagan\dataset\labels\train\basty_15.txt,640,640,142.39106201171876,64.97876999072002,1,True
train,C:\Users\Ansagan\Documents\Ansagan\Ansagan\dataset\images\train\basty_152.jpg,C:\Users\Ansagan\Documents\Ansagan\Ansagan\dataset\labels\train\basty_152.txt,640,640,128.3942041015625,81.39950885957136,1,True
train,C:\Users\Ansagan\Documents\Ansagan\Ansagan\dataset\images\train\basty_153.jpg,C:\Users\Ansagan\Documents\Ansagan\Ansagan\dataset\labels\train\basty_153.txt,640,640,137.52582275390625,81.2450231178967,1,True
train,C:\Users\Ansagan\Documents\Ansagan\Ansagan\dataset\images\train\basty_154.jpg,C:\Users\Ansagan\Documents\Ansagan\Ansagan\dataset\labels\train\basty_154.txt,640,640,137.52742919921874,81.24392864685316,1,True
train,C:\Users\Ansagan\Documents\Ansagan\Ansagan\dataset\images\train\basty_155.jpg,C:\Users\Ansagan\Documents\Ansagan\Ansagan\dataset\labels\train\basty_155.txt,640,640,137.527900390625,81.24357945116003,1,True
train,C:\Users\Ansagan\Documents\Ansagan\Ansagan\dataset\images\train\basty_156.jpg,C:\Users\Ansagan\Documents\Ansagan\Ansagan\dataset\labels\train\basty_156.txt,640,640,117.47264404296875,81.24549851527385,1,True
train,C:\Users\Ansagan\Documents\Ansagan\Ansagan\dataset\images\train\basty_158.jpg,C:\Users\Ansagan\Documents\Ansagan\Ansagan\dataset\labels\train\basty_158.txt,640,640,141.6768115234375,70.2908550183352,1,True
train,C:\Users\Ansagan\Documents\Ansagan\Ansagan\dataset\images\train\basty_159.jpg,C:\Users\Ansagan\Documents\Ansagan\Ansagan\dataset\labels\train\basty_159.txt,640,640,141.6790869140625,70.28627593013597,1,True
train,C:\Users\Ansagan\Documents\Ansagan\Ansagan\dataset\images\train\basty_16.jpg,C:\Users\Ansagan\Documents\Ansagan\Ansagan\dataset\labels\train\basty_16.txt,640,640,112.61190673828125,64.98012129417245,1,True
train,C:\Users\Ansagan\Documents\Ansagan\Ansagan\dataset\images\train\basty_160.jpg,C:\Users\Ansagan\Documents\Ansagan\Ansagan\dataset\labels\train\basty_160.txt,640,640,113.3230859375,70.29165930895839,1,True
train,C:\Users\Ansagan\Documents\Ansagan\Ansagan\dataset\images\train\basty_161.jpg,C:\Users\Ansagan\Documents\Ansagan\Ansagan\dataset\labels\train\basty_161.txt,640,640,138.66141357421876,60.72369186137521,1,True
train,C:\Users\Ansagan\Documents\Ansagan\Ansagan\dataset\images\train\basty_163.jpg,C:\Users\Ansagan\Documents\Ansagan\Ansagan\dataset\labels\train\basty_163.txt,640,640,138.661376953125,60.72195748298088,1,True
train,C:\Users\Ansagan\Documents\Ansagan\Ansagan\dataset\images\train\basty_164.jpg,C:\Users\Ansagan\Documents\Ansagan\Ansagan\dataset\labels\train\basty_164.txt,640,640,116.33877197265625,60.72357407058655,1,True
train,C:\Users\Ansagan\Documents\Ansagan\Ansagan\dataset\images\train\basty_165.jpg,C:\Users\Ansagan\Documents\Ansagan\Ansagan\dataset\labels\train\basty_165.txt,640,640,153.85400390625,60.43082061869111,1,True
train,C:\Users\Ansagan\Documents\Ansagan\Ansagan\dataset\images\train\basty_166.jpg,C:\Users\Ansagan\Documents\Ansagan\Ansagan\dataset\labels\train\basty_166.txt,640,640,153.8533544921875,60.43191084692477,1,True
train,C:\Users\Ansagan\Documents\Ansagan\Ansagan\dataset\images\train\basty_167.jpg,C:\Users\Ansagan\Documents\Ansagan\Ansagan\dataset\labels\train\basty_167.txt,640,640,153.85558837890625,60.43152497828978,1,True
train,C:\Users\Ansagan\Documents\Ansagan\Ansagan\dataset\images\train\basty_169.jpg,C:\Users\Ansagan\Documents\Ansagan\Ansagan\dataset\labels\train\basty_169.txt,640,640,145.00257568359376,72.51512736649599,1,True
train,C:\Users\Ansagan\Documents\Ansagan\Ansagan\dataset\images\train\basty_17.jpg,C:\Users\Ansagan\Documents\Ansagan\Ansagan\dataset\labels\train\basty_17.txt,640,640,123.5208349609375,80.34811500860275,1,True
train,C:\Users\Ansagan\Documents\Ansagan\Ansagan\dataset\images\train\basty_171.jpg,C:\Users\Ansagan\Documents\Ansagan\Ansagan\dataset\labels\train\basty_171.txt,640,640,145.001552734375,72.51431834318319,1,True
train,C:\Users\Ansagan\Documents\Ansagan\Ansagan\dataset\images\train\basty_172.jpg,C:\Users\Ansagan\Documents\Ansagan\Ansagan\dataset\labels\train\basty_172.txt,640,640,109.99754638671875,72.51595622726077,1,True
train,C:\Users\Ansagan\Documents\Ansagan\Ansagan\dataset\images\train\basty_173.jpg,C:\Users\Ansagan\Documents\Ansagan\Ansagan\dataset\labels\train\basty_173.txt,640,640,141.5719921875,72.06148059187855,1,True
train,C:\Users\Ansagan\Documents\Ansagan\Ansagan\dataset\images\train\basty_174.jpg,C:\Users\Ansagan\Documents\Ansagan\Ansagan\dataset\labels\train\basty_174.txt,640,640,141.570771484375,72.05909203773838,1,True
train,C:\Users\Ansagan\Documents\Ansagan\Ansagan\dataset\images\train\basty_176.jpg,C:\Users\Ansagan\Documents\Ansagan\Ansagan\dataset\labels\train\basty_176.txt,640,640,113.42915771484375,72.05843003958017,1,True
train,C:\Users\Ansagan\Documents\Ansagan\Ansagan\dataset\images\train\basty_177.jpg,C:\Users\Ansagan\Documents\Ansagan\Ansagan\dataset\labels\train\basty_177.txt,640,640,129.36112548828126,79.05118481284963,1,True
train,C:\Users\Ansagan\Documents\Ansagan\Ansagan\dataset\images\train\basty_178.jpg,C:\Users\Ansagan\Documents\Ansagan\Ansagan\dataset\labels\train\basty_178.txt,640,640,129.35970458984374,79.05179327708441,1,True
train,C:\Users\Ansagan\Documents\Ansagan\Ansagan\dataset\images\train\basty_179.jpg,C:\Users\Ansagan\Documents\Ansagan\Ansagan\dataset\labels\train\basty_179.txt,640,640,129.36158447265626,79.0503878526691,1,True
train,C:\Users\Ansagan\Documents\Ansagan\Ansagan\dataset\images\train\basty_18.jpg,C:\Users\Ansagan\Documents\Ansagan\Ansagan\dataset\labels\train\basty_18.txt,640,640,123.51943115234376,80.34872236636299,1,True
train,C:\Users\Ansagan\Documents\Ansagan\Ansagan\dataset\images\train\basty_180.jpg,C:\Users\Ansagan\Documents\Ansagan\Ansagan\dataset\labels\train\basty_180.txt,640,640,125.63739013671875,79.0506916572486,1,True
train,C:\Users\Ansagan\Documents\Ansagan\Ansagan\dataset\images\train\basty_19.jpg,C:\Users\Ansagan\Documents\Ansagan\Ansagan\dataset\labels\train\basty_19.txt,640,640,123.521875,80.35159320308115,1,True
train,C:\Users\Ansagan\Documents\Ansagan\Ansagan\dataset\images\train\basty_2.jpg,C:\Users\Ansagan\Documents\Ansagan\Ansagan\dataset\labels\train\basty_2.txt,640,640,145.60414306640624,79.6606494526244,1,True
train,C:\Users\Ansagan\Documents\Ansagan\Ansagan\dataset\images\train\basty_20.jpg,C:\Users\Ansagan\Documents\Ansagan\Ansagan\dataset\labels\train\basty_20.txt,640,640,131.4810205078125,80.3475387825395,1,True
train,C:\Users\Ansagan\Documents\Ansagan\Ansagan\dataset\images\train\basty_22.jpg,C:\Users\Ansagan\Documents\Ansagan\Ansagan\dataset\labels\train\basty_22.txt,640,640,127.35776611328124,82.94369247905793,1,True
train,C:\Users\Ansagan\Documents\Ansagan\Ansagan\dataset\images\train\basty_23.jpg,C:\Users\Ansagan\Documents\Ansagan\Ansagan\dataset\labels\train\basty_23.txt,640,640,127.35602294921875,82.94362545145181,1,True
train,C:\Users\Ansagan\Documents\Ansagan\Ansagan\dataset\images\train\basty_24.jpg,C:\Users\Ansagan\Documents\Ansagan\Ansagan\dataset\labels\train\basty_24.txt,640,640,127.6416796875,82.94170316044405,1,True
train,C:\Users\Ansagan\Documents\Ansagan\Ansagan\dataset\images\train\basty_25.jpg,C:\Users\Ansagan\Documents\Ansagan\Ansagan\dataset\labels\train\basty_25.txt,640,640,146.59750732421875,75.81067334166764,1,True
train,C:\Users\Ansagan\Documents\Ansagan\Ansagan\dataset\images\train\basty_26.jpg,C:\Users\Ansagan\Documents\Ansagan\Ansagan\dataset\labels\train\basty_26.txt,640,640,146.5992529296875,75.8120386387735,1,True
train,C:\Users\Ansagan\Documents\Ansagan\Ansagan\dataset\images\train\basty_27.jpg,C:\Users\Ansagan\Documents\Ansagan\Ansagan\dataset\labels\train\basty_27.txt,640,640,146.59799072265625,75.80971480460649,1,True
train,C:\Users\Ansagan\Documents\Ansagan\Ansagan\dataset\images\train\basty_28.jpg,C:\Users\Ansagan\Documents\Ansagan\Ansagan\dataset\labels\train\basty_28.txt,640,640,108.4021728515625,75.81140949574701,1,True
train,C:\Users\Ansagan\Documents\Ansagan\Ansagan\dataset\images\train\basty_29.jpg,C:\Users\Ansagan\Documents\Ansagan\Ansagan\dataset\labels\train\basty_29.txt,640,640,143.86826171875,67.14336019930323,1,True
train,C:\Users\Ansagan\Documents\Ansagan\Ansagan\dataset\images\train\basty_3.jpg,C:\Users\Ansagan\Documents\Ansagan\Ansagan\dataset\labels\train\basty_3.txt,640,640,145.60184326171876,79.66127536632278,1,True
train,C:\Users\Ansagan\Documents\Ansagan\Ansagan\dataset\images\train\basty_30.jpg,C:\Users\Ansagan\Documents\Ansagan\Ansagan\dataset\labels\train\basty_30.txt,640,640,143.86782470703125,67.14369449802619,1,True
train,C:\Users\Ansagan\Documents\Ansagan\Ansagan\dataset\images\train\basty_32.jpg,C:\Users\Ansagan\Documents\Ansagan\Ansagan\dataset\labels\train\basty_32.txt,640,640,111.13445068359376,67.14370059765305,1,True
train,C:\Users\Ansagan\Documents\Ansagan\Ansagan\dataset\images\train\basty_33.jpg,C:\Users\Ansagan\Documents\Ansagan\Ansagan\dataset\labels\train\basty_33.txt,640,640,138.14058349609374,76.51949633770938,1,True
train,C:\Users\Ansagan\Documents\Ansagan\Ansagan\dataset\images\train\basty_34.jpg,C:\Users\Ansagan\Documents\Ansagan\Ansagan\dataset\labels\train\basty_34.txt,640,640,138.14212890625,76.51706218375992,1,True
train,C:\Users\Ansagan\Documents\Ansagan\Ansagan\dataset\images\train\basty_35.jpg,C:\Users\Ansagan\Documents\Ansagan\Ansagan\dataset\labels\train\basty_35.txt,640,640,138.1411083984375,76.51960444102227,1,True
train,C:\Users\Ansagan\Documents\Ansagan\Ansagan\dataset\images\train\basty_36.jpg,C:\Users\Ansagan\Documents\Ansagan\Ansagan\dataset\labels\train\basty_36.txt,640,640,116.8580126953125,76.51806389540067,1,True
train,C:\Users\Ansagan\Documents\Ansagan\Ansagan\dataset\images\train\basty_37.jpg,C:\Users\Ansagan\Documents\Ansagan\Ansagan\dataset\labels\train\basty_37.txt,640,640,133.7270751953125,79.32783176120344,1,True
train,C:\Users\Ansagan\Documents\Ansagan\Ansagan\dataset\images\train\basty_38.jpg,C:\Users\Ansagan\Documents\Ansagan\Ansagan\dataset\labels\train\basty_38.txt,640,640,133.72630126953126,79.32915422836028,1,True
train,C:\Users\Ansagan\Documents\Ansagan\Ansagan\dataset\images\train\basty_39.jpg,C:\Users\Ansagan\Documents\Ansagan\Ansagan\dataset\labels\train\basty_39.txt,640,640,133.7313134765625,79.32808816065088,1,True
train,C:\Users\Ansagan\Documents\Ansagan\Ansagan\dataset\images\train\basty_4.jpg,C:\Users\Ansagan\Documents\Ansagan\Ansagan\dataset\labels\train\basty_4.txt,640,640,109.39592529296876,79.65777888451781,1,True
train,C:\Users\Ansagan\Documents\Ansagan\Ansagan\dataset\images\train\basty_40.jpg,C:\Users\Ansagan\Documents\Ansagan\Ansagan\dataset\labels\train\basty_40.txt,640,640,121.273603515625,79.33000551434054,1,True
train,C:\Users\Ansagan\Documents\Ansagan\Ansagan\dataset\images\train\basty_41.jpg,C:\Users\Ansagan\Documents\Ansagan\Ansagan\dataset\labels\train\basty_41.txt,640,640,139.4325927734375,81.48811348216987,1,True
train,C:\Users\Ansagan\Documents\Ansagan\Ansagan\dataset\images\train\basty_43.jpg,C:\Users\Ansagan\Documents\Ansagan\Ansagan\dataset\labels\train\basty_43.txt,640,640,139.43418701171876,81.48735037531675,1,True
train,C:\Users\Ansagan\Documents\Ansagan\Ansagan\dataset\images\train\basty_44.jpg,C:\Users\Ansagan\Documents\Ansagan\Ansagan\dataset\labels\train\basty_44.txt,640,640,115.567890625,81.48961356748885,1,True
train,C:\Users\Ansagan\Documents\Ansagan\Ansagan\dataset\images\train\basty_46.jpg,C:\Users\Ansagan\Documents\Ansagan\Ansagan\dataset\labels\train\basty_46.txt,640,640,138.4891162109375,81.39450907235127,1,True
train,C:\Users\Ansagan\Documents\Ansagan\Ansagan\dataset\images\train\basty_47.jpg,C:\Users\Ansagan\Documents\Ansagan\Ansagan\dataset\labels\train\basty_47.txt,640,640,138.488212890625,81.39575863735156,1,True
train,C:\Users\Ansagan\Documents\Ansagan\Ansagan\dataset\images\train\basty_48.jpg,C:\Users\Ansagan\Documents\Ansagan\Ansagan\dataset\labels\train\basty_48.txt,640,640,116.5109375,81.39562174201713,1,True
train,C:\Users\Ansagan\Documents\Ansagan\Ansagan\dataset\images\train\basty_49.jpg,C:\Users\Ansagan\Documents\Ansagan\Ansagan\dataset\labels\train\basty_49.txt,640,640,149.7481494140625,71.43113282944621,1,True
train,C:\Users\Ansagan\Documents\Ansagan\Ansagan\dataset\images\train\basty_5.jpg,C:\Users\Ansagan\Documents\Ansagan\Ansagan\dataset\labels\train\basty_5.txt,640,640,126.218310546875,77.1438096977639,1,True
train,C:\Users\Ansagan\Documents\Ansagan\Ansagan\dataset\images\train\basty_50.jpg,C:\Users\Ansagan\Documents\Ansagan\Ansagan\dataset\labels\train\basty_50.txt,640,640,149.74685791015625,71.43277316929932,1,True
train,C:\Users\Ansagan\Documents\Ansagan\Ansagan\dataset\images\train\basty_51.jpg,C:\Users\Ansagan\Documents\Ansagan\Ansagan\dataset\labels\train\basty_51.txt,640,640,149.74840087890624,71.43316814247109,1,True
train,C:\Users\Ansagan\Documents\Ansagan\Ansagan\dataset\images\train\basty_52.jpg,C:\Users\Ansagan\Documents\Ansagan\Ansagan\dataset\labels\train\basty_52.txt,640,640,105.25329345703125,71.43297151235402,1,True
train,C:\Users\Ansagan\Documents\Ansagan\Ansagan\dataset\images\train\basty_53.jpg,C:\Users\Ansagan\Documents\Ansagan\Ansagan\dataset\labels\train\basty_53.txt,640,640,139.56033935546876,73.12039256172612,1,True
train,C:\Users\Ansagan\Documents\Ansagan\Ansagan\dataset\images\train\basty_54.jpg,C:\Users\Ansagan\Documents\Ansagan\Ansagan\dataset\labels\train\basty_54.txt,640,640,139.56138427734376,73.11983109093845,1,True
train,C:\Users\Ansagan\Documents\Ansagan\Ansagan\dataset\images\train\basty_55.jpg,C:\Users\Ansagan\Documents\Ansagan\Ansagan\dataset\labels\train\basty_55.txt,640,640,139.5616015625,73.1197145804442,1,True
train,C:\Users\Ansagan\Documents\Ansagan\Ansagan\dataset\images\train\basty_56.jpg,C:\Users\Ansagan\Documents\Ansagan\Ansagan\dataset\labels\train\basty_56.txt,640,640,115.43854248046875,73.1203756705863,1,True
train,C:\Users\Ansagan\Documents\Ansagan\Ansagan\dataset\images\train\basty_58.jpg,C:\Users\Ansagan\Documents\Ansagan\Ansagan\dataset\labels\train\basty_58.txt,640,640,131.33891845703124,75.64013149241373,1,True
train,C:\Users\Ansagan\Documents\Ansagan\Ansagan\dataset\images\train\basty_59.jpg,C:\Users\Ansagan\Documents\Ansagan\Ansagan\dataset\labels\train\basty_59.txt,640,640,131.3334228515625,75.63990969440046,1,True
train,C:\Users\Ansagan\Documents\Ansagan\Ansagan\dataset\images\train\basty_6.jpg,C:\Users\Ansagan\Documents\Ansagan\Ansagan\dataset\labels\train\basty_6.txt,640,640,126.2169921875,77.1441129600345,1,True
train,C:\Users\Ansagan\Documents\Ansagan\Ansagan\dataset\images\train\basty_60.jpg,C:\Users\Ansagan\Documents\Ansagan\Ansagan\dataset\labels\train\basty_60.txt,640,640,123.66302734375,75.63833343341979,1,True
train,C:\Users\Ansagan\Documents\Ansagan\Ansagan\dataset\images\train\basty_61.jpg,C:\Users\Ansagan\Documents\Ansagan\Ansagan\dataset\labels\train\basty_61.txt,640,640,137.6220654296875,68.73052865198169,1,True
train,C:\Users\Ansagan\Documents\Ansagan\Ansagan\dataset\images\train\basty_62.jpg,C:\Users\Ansagan\Documents\Ansagan\Ansagan\dataset\labels\train\basty_62.txt,640,640,137.623173828125,68.7307831742599,1,True
train,C:\Users\Ansagan\Documents\Ansagan\Ansagan\dataset\images\train\basty_63.jpg,C:\Users\Ansagan\Documents\Ansagan\Ansagan\dataset\labels\train\basty_63.txt,640,640,137.622265625,68.72914017591133,1,True
train,C:\Users\Ansagan\Documents\Ansagan\Ansagan\dataset\images\train\basty_64.jpg,C:\Users\Ansagan\Documents\Ansagan\Ansagan\dataset\labels\train\basty_64.txt,640,640,117.37637451171875,68.73226759911805,1,True
train,C:\Users\Ansagan\Documents\Ansagan\Ansagan\dataset\images\train\basty_65.jpg,C:\Users\Ansagan\Documents\Ansagan\Ansagan\dataset\labels\train\basty_65.txt,640,640,141.1095458984375,76.53078703341518,1,True
train,C:\Users\Ansagan\Documents\Ansagan\Ansagan\dataset\images\train\basty_66.jpg,C:\Users\Ansagan\Documents\Ansagan\Ansagan\dataset\labels\train\basty_66.txt,640,640,141.1106591796875,76.52977075090827,1,True
train,C:\Users\Ansagan\Documents\Ansagan\Ansagan\dataset\images\train\basty_67.jpg,C:\Users\Ansagan\Documents\Ansagan\Ansagan\dataset\labels\train\basty_67.txt,640,640,141.108896484375,76.53226266398866,1,True
train,C:\Users\Ansagan\Documents\Ansagan\Ansagan\dataset\images\train\basty_68.jpg,C:\Users\Ansagan\Documents\Ansagan\Ansagan\dataset\labels\train\basty_68.txt,640,640,113.8908740234375,76.52841585527636,1,True
train,C:\Users\Ansagan\Documents\Ansagan\Ansagan\dataset\images\train\basty_69.jpg,C:\Users\Ansagan\Documents\Ansagan\Ansagan\dataset\labels\train\basty_69.txt,640,640,135.50455078125,69.72920500100112,1,True
train,C:\Users\Ansagan\Documents\Ansagan\Ansagan\dataset\images\train\basty_7.jpg,C:\Users\Ansagan\Documents\Ansagan\Ansagan\dataset\labels\train\basty_7.txt,640,640,126.218232421875,77.14531341206659,1,True
train,C:\Users\Ansagan\Documents\Ansagan\Ansagan\dataset\images\train\basty_70.jpg,C:\Users\Ansagan\Documents\Ansagan\Ansagan\dataset\labels\train\basty_70.txt,640,640,135.50628662109375,69.72720193705311,1,True
train,C:\Users\Ansagan\Documents\Ansagan\Ansagan\dataset\images\train\basty_71.jpg,C:\Users\Ansagan\Documents\Ansagan\Ansagan\dataset\labels\train\basty_71.txt,640,640,135.504306640625,69.72927497180414,1,True
train,C:\Users\Ansagan\Documents\Ansagan\Ansagan\dataset\images\train\basty_72.jpg,C:\Users\Ansagan\Documents\Ansagan\Ansagan\dataset\labels\train\basty_72.txt,640,640,119.49296630859375,69.72544996899445,1,True
train,C:\Users\Ansagan\Documents\Ansagan\Ansagan\dataset\images\train\basty_73.jpg,C:\Users\Ansagan\Documents\Ansagan\Ansagan\dataset\labels\train\basty_73.txt,640,640,140.02945556640626,53.901218325372305,1,True
train,C:\Users\Ansagan\Documents\Ansagan\Ansagan\dataset\images\train\basty_74.jpg,C:\Users\Ansagan\Documents\Ansagan\Ansagan\dataset\labels\train\basty_74.txt,640,640,140.0275390625,53.90259637435762,1,True
train,C:\Users\Ansagan\Documents\Ansagan\Ansagan\dataset\images\train\basty_75.jpg,C:\Users\Ansagan\Documents\Ansagan\Ansagan\dataset\labels\train\basty_75.txt,640,640,140.02943359375,53.90120114826811,1,True
train,C:\Users\Ansagan\Documents\Ansagan\Ansagan\dataset\images\train\basty_76.jpg,C:\Users\Ansagan\Documents\Ansagan\Ansagan\dataset\labels\train\basty_76.txt,640,640,114.97102783203125,53.900639544706024,1,True
train,C:\Users\Ansagan\Documents\Ansagan\Ansagan\dataset\images\train\basty_77.jpg,C:\Users\Ansagan\Documents\Ansagan\Ansagan\dataset\labels\train\basty_77.txt,640,640,140.04446533203125,78.83590433542973,1,True
train,C:\Users\Ansagan\Documents\Ansagan\Ansagan\dataset\images\train\basty_78.jpg,C:\Users\Ansagan\Documents\Ansagan\Ansagan\dataset\labels\train\basty_78.txt,640,640,140.04515380859374,78.83507615970333,1,True
train,C:\Users\Ansagan\Documents\Ansagan\Ansagan\dataset\images\train\basty_79.jpg,C:\Users\Ansagan\Documents\Ansagan\Ansagan\dataset\labels\train\basty_79.txt,640,640,140.044404296875,78.83594811240526,1,True
train,C:\Users\Ansagan\Documents\Ansagan\Ansagan\dataset\images\train\basty_82.jpg,C:\Users\Ansagan\Documents\Ansagan\Ansagan\dataset\labels\train\basty_82.txt,640,640,141.52177734375,61.66776489316906,1,True
train,C:\Users\Ansagan\Documents\Ansagan\Ansagan\dataset\images\train\basty_83.jpg,C:\Users\Ansagan\Documents\Ansagan\Ansagan\dataset\labels\train\basty_83.txt,640,640,141.52372314453126,61.667486374012164,1,True
train,C:\Users\Ansagan\Documents\Ansagan\Ansagan\dataset\images\train\basty_86.jpg,C:\Users\Ansagan\Documents\Ansagan\Ansagan\dataset\labels\train\basty_86.txt,640,640,140.42010498046875,71.22363265259058,1,True
train,C:\Users\Ansagan\Documents\Ansagan\Ansagan\dataset\images\train\basty_88.jpg,C:\Users\Ansagan\Documents\Ansagan\Ansagan\dataset\labels\train\basty_88.txt,640,640,114.57979736328124,71.22252516155704,1,True
train,C:\Users\Ansagan\Documents\Ansagan\Ansagan\dataset\images\train\basty_89.jpg,C:\Users\Ansagan\Documents\Ansagan\Ansagan\dataset\labels\train\basty_89.txt,640,640,133.25006591796875,73.59536193660331,1,True
train,C:\Users\Ansagan\Documents\Ansagan\Ansagan\dataset\images\train\basty_9.jpg,C:\Users\Ansagan\Documents\Ansagan\Ansagan\dataset\labels\train\basty_9.txt,640,640,140.04170166015626,76.03703531174058,1,True
train,C:\Users\Ansagan\Documents\Ansagan\Ansagan\dataset\images\train\basty_90.jpg,C:\Users\Ansagan\Documents\Ansagan\Ansagan\dataset\labels\train\basty_90.txt,640,640,133.25048583984375,73.59665727742289,1,True
train,C:\Users\Ansagan\Documents\Ansagan\Ansagan\dataset\images\train\basty_91.jpg,C:\Users\Ansagan\Documents\Ansagan\Ansagan\dataset\labels\train\basty_91.txt,640,640,133.24843994140625,73.59474132664207,1,True
train,C:\Users\Ansagan\Documents\Ansagan\Ansagan\dataset\images\train\basty_93.jpg,C:\Users\Ansagan\Documents\Ansagan\Ansagan\dataset\labels\train\basty_93.txt,640,640,128.43296630859376,78.13630689203582,1,True
train,C:\Users\Ansagan\Documents\Ansagan\Ansagan\dataset\images\train\basty_94.jpg,C:\Users\Ansagan\Documents\Ansagan\Ansagan\dataset\labels\train\basty_94.txt,640,640,128.43139404296875,78.13915990590624,1,True
train,C:\Users\Ansagan\Documents\Ansagan\Ansagan\dataset\images\train\basty_95.jpg,C:\Users\Ansagan\Documents\Ansagan\Ansagan\dataset\labels\train\basty_95.txt,640,640,128.43391357421876,78.13897911038032,1,True
train,C:\Users\Ansagan\Documents\Ansagan\Ansagan\dataset\images\train\basty_96.jpg,C:\Users\Ansagan\Documents\Ansagan\Ansagan\dataset\labels\train\basty_96.txt,640,640,126.5665673828125,78.13881548116257,1,True
train,C:\Users\Ansagan\Documents\Ansagan\Ansagan\dataset\images\train\basty_97.jpg,C:\Users\Ansagan\Documents\Ansagan\Ansagan\dataset\labels\train\basty_97.txt,640,640,138.61087158203125,82.07890759949642,1,True
train,C:\Users\Ansagan\Documents\Ansagan\Ansagan\dataset\images\train\basty_98.jpg,C:\Users\Ansagan\Documents\Ansagan\Ansagan\dataset\labels\train\basty_98.txt,640,640,138.6118603515625,82.0786056879368,1,True
train,C:\Users\Ansagan\Documents\Ansagan\Ansagan\dataset\images\train\basty_99.jpg,C:\Users\Ansagan\Documents\Ansagan\Ansagan\dataset\labels\train\basty_99.txt,640,640,138.6093505859375,82.07937781898983,1,True
train,C:\Users\Ansagan\Documents\Ansagan\Ansagan\dataset\images\train\belgi10_1.jpg,C:\Users\Ansagan\Documents\Ansagan\Ansagan\dataset\labels\train\belgi10_1.txt,640,640,118.52079345703125,77.17968193108668,1,True
train,C:\Users\Ansagan\Documents\Ansagan\Ansagan\dataset\images\train\belgi10_10.jpg,C:\Users\Ansagan\Documents\Ansagan\Ansagan\dataset\labels\train\belgi10_10.txt,640,640,132.1919189453125,75.20533183657712,1,True
train,C:\Users\Ansagan\Documents\Ansagan\Ansagan\dataset\images\train\belgi10_100.jpg,C:\Users\Ansagan\Documents\Ansagan\Ansagan\dataset\labels\train\belgi10_100.txt,640,640,127.9821826171875,80.66179868144054,1,True
train,C:\Users\Ansagan\Documents\Ansagan\Ansagan\dataset\images\train\belgi10_101.jpg,C:\Users\Ansagan\Documents\Ansagan\Ansagan\dataset\labels\train\belgi10_101.txt,640,640,126.6345458984375,79.7930125481096,1,True
train,C:\Users\Ansagan\Documents\Ansagan\Ansagan\dataset\images\train\belgi10_102.jpg,C:\Users\Ansagan\Documents\Ansagan\Ansagan\dataset\labels\train\belgi10_102.txt,640,640,126.6341796875,79.79342380258906,1,True
train,C:\Users\Ansagan\Documents\Ansagan\Ansagan\dataset\images\train\belgi10_103.jpg,C:\Users\Ansagan\Documents\Ansagan\Ansagan\dataset\labels\train\belgi10_103.txt,640,640,126.53541748046875,79.88977505107555,1,True
train,C:\Users\Ansagan\Documents\Ansagan\Ansagan\dataset\images\train\belgi10_105.jpg,C:\Users\Ansagan\Documents\Ansagan\Ansagan\dataset\labels\train\belgi10_105.txt,640,640,128.3656787109375,79.79351538464603,1,True
train,C:\Users\Ansagan\Documents\Ansagan\Ansagan\dataset\images\train\belgi10_106.jpg,C:\Users\Ansagan\Documents\Ansagan\Ansagan\dataset\labels\train\belgi10_106.txt,640,640,116.44153564453126,82.34709910697039,1,True
train,C:\Users\Ansagan\Documents\Ansagan\Ansagan\dataset\images\train\belgi10_107.jpg,C:\Users\Ansagan\Documents\Ansagan\Ansagan\dataset\labels\train\belgi10_107.txt,640,640,116.44205078125,82.34702561851381,1,True
train,C:\Users\Ansagan\Documents\Ansagan\Ansagan\dataset\images\train\belgi10_108.jpg,C:\Users\Ansagan\Documents\Ansagan\Ansagan\dataset\labels\train\belgi10_108.txt,640,640,116.34638671875,82.42675528579417,1,True
train,C:\Users\Ansagan\Documents\Ansagan\Ansagan\dataset\images\train\belgi10_109.jpg,C:\Users\Ansagan\Documents\Ansagan\Ansagan\dataset\labels\train\belgi10_109.txt,640,640,116.2390576171875,82.41403763028467,1,True
train,C:\Users\Ansagan\Documents\Ansagan\Ansagan\dataset\images\train\belgi10_11.jpg,C:\Users\Ansagan\Documents\Ansagan\Ansagan\dataset\labels\train\belgi10_11.txt,640,640,125.746259765625,73.60476775723556,1,True
train,C:\Users\Ansagan\Documents\Ansagan\Ansagan\dataset\images\train\belgi10_111.jpg,C:\Users\Ansagan\Documents\Ansagan\Ansagan\dataset\labels\train\belgi10_111.txt,640,640,126.67899169921876,77.397541257043,1,True
train,C:\Users\Ansagan\Documents\Ansagan\Ansagan\dataset\images\train\belgi10_112.jpg,C:\Users\Ansagan\Documents\Ansagan\Ansagan\dataset\labels\train\belgi10_112.txt,640,640,126.6789501953125,77.39760923506721,1,True
train,C:\Users\Ansagan\Documents\Ansagan\Ansagan\dataset\images\train\belgi10_113.jpg,C:\Users\Ansagan\Documents\Ansagan\Ansagan\dataset\labels\train\belgi10_113.txt,640,640,126.58387451171875,77.49513821209429,1,True
train,C:\Users\Ansagan\Documents\Ansagan\Ansagan\dataset\images\train\belgi10_114.jpg,C:\Users\Ansagan\Documents\Ansagan\Ansagan\dataset\labels\train\belgi10_114.txt,640,640,126.47490234375,77.49058048219167,1,True
train,C:\Users\Ansagan\Documents\Ansagan\Ansagan\dataset\images\train\belgi10_115.jpg,C:\Users\Ansagan\Documents\Ansagan\Ansagan\dataset\labels\train\belgi10_115.txt,640,640,128.320771484375,77.39773678451941,1,True
train,C:\Users\Ansagan\Documents\Ansagan\Ansagan\dataset\images\train\belgi10_116.jpg,C:\Users\Ansagan\Documents\Ansagan\Ansagan\dataset\labels\train\belgi10_116.txt,640,640,120.805849609375,80.92525351342285,1,True
train,C:\Users\Ansagan\Documents\Ansagan\Ansagan\dataset\images\train\belgi10_118.jpg,C:\Users\Ansagan\Documents\Ansagan\Ansagan\dataset\labels\train\belgi10_118.txt,640,640,120.7086572265625,81.01172650488587,1,True
train,C:\Users\Ansagan\Documents\Ansagan\Ansagan\dataset\images\train\belgi10_119.jpg,C:\Users\Ansagan\Documents\Ansagan\Ansagan\dataset\labels\train\belgi10_119.txt,640,640,120.601103515625,81.00429132243205,1,True
train,C:\Users\Ansagan\Documents\Ansagan\Ansagan\dataset\images\train\belgi10_121.jpg,C:\Users\Ansagan\Documents\Ansagan\Ansagan\dataset\labels\train\belgi10_121.txt,640,640,117.4978125,81.60943908012514,1,True
train,C:\Users\Ansagan\Documents\Ansagan\Ansagan\dataset\images\train\belgi10_122.jpg,C:\Users\Ansagan\Documents\Ansagan\Ansagan\dataset\labels\train\belgi10_122.txt,640,640,117.49774658203125,81.60976186846028,1,True
train,C:\Users\Ansagan\Documents\Ansagan\Ansagan\dataset\images\train\belgi10_123.jpg,C:\Users\Ansagan\Documents\Ansagan\Ansagan\dataset\labels\train\belgi10_123.txt,640,640,117.4027490234375,81.69081163943751,1,True
train,C:\Users\Ansagan\Documents\Ansagan\Ansagan\dataset\images\train\belgi10_124.jpg,C:\Users\Ansagan\Documents\Ansagan\Ansagan\dataset\labels\train\belgi10_124.txt,640,640,117.2506201171875,81.6714386652912,1,True
train,C:\Users\Ansagan\Documents\Ansagan\Ansagan\dataset\images\train\belgi10_125.jpg,C:\Users\Ansagan\Documents\Ansagan\Ansagan\dataset\labels\train\belgi10_125.txt,640,640,137.502177734375,81.60963852833943,1,True
train,C:\Users\Ansagan\Documents\Ansagan\Ansagan\dataset\images\train\belgi10_127.jpg,C:\Users\Ansagan\Documents\Ansagan\Ansagan\dataset\labels\train\belgi10_127.txt,640,640,121.67858642578125,80.11534532227441,1,True
train,C:\Users\Ansagan\Documents\Ansagan\Ansagan\dataset\images\train\belgi10_128.jpg,C:\Users\Ansagan\Documents\Ansagan\Ansagan\dataset\labels\train\belgi10_128.txt,640,640,121.5801953125,80.20431185416976,1,True
train,C:\Users\Ansagan\Documents\Ansagan\Ansagan\dataset\images\train\belgi10_129.jpg,C:\Users\Ansagan\Documents\Ansagan\Ansagan\dataset\labels\train\belgi10_129.txt,640,640,121.39830078125,80.21075445912298,1,True
train,C:\Users\Ansagan\Documents\Ansagan\Ansagan\dataset\images\train\belgi10_13.jpg,C:\Users\Ansagan\Documents\Ansagan\Ansagan\dataset\labels\train\belgi10_13.txt,640,640,125.64246337890626,73.70980669234706,1,True
train,C:\Users\Ansagan\Documents\Ansagan\Ansagan\dataset\images\train\belgi10_130.jpg,C:\Users\Ansagan\Documents\Ansagan\Ansagan\dataset\labels\train\belgi10_130.txt,640,640,133.321328125,80.11533248519066,1,True
train,C:\Users\Ansagan\Documents\Ansagan\Ansagan\dataset\images\train\belgi10_131.jpg,C:\Users\Ansagan\Documents\Ansagan\Ansagan\dataset\labels\train\belgi10_131.txt,640,640,122.57332275390625,78.7043872413691,1,True
train,C:\Users\Ansagan\Documents\Ansagan\Ansagan\dataset\images\train\belgi10_133.jpg,C:\Users\Ansagan\Documents\Ansagan\Ansagan\dataset\labels\train\belgi10_133.txt,640,640,122.469208984375,78.80093503544379,1,True
train,C:\Users\Ansagan\Documents\Ansagan\Ansagan\dataset\images\train\belgi10_136.jpg,C:\Users\Ansagan\Documents\Ansagan\Ansagan\dataset\labels\train\belgi10_136.txt,640,640,130.5700732421875,77.47742379647872,1,True
train,C:\Users\Ansagan\Documents\Ansagan\Ansagan\dataset\images\train\belgi10_139.jpg,C:\Users\Ansagan\Documents\Ansagan\Ansagan\dataset\labels\train\belgi10_139.txt,640,640,130.3573193359375,77.5822335181051,1,True
train,C:\Users\Ansagan\Documents\Ansagan\Ansagan\dataset\images\train\belgi10_14.jpg,C:\Users\Ansagan\Documents\Ansagan\Ansagan\dataset\labels\train\belgi10_14.txt,640,640,125.53142822265625,73.6989008856917,1,True
train,C:\Users\Ansagan\Documents\Ansagan\Ansagan\dataset\images\train\belgi10_141.jpg,C:\Users\Ansagan\Documents\Ansagan\Ansagan\dataset\labels\train\belgi10_141.txt,640,640,130.67726806640624,79.49708071154332,1,True
train,C:\Users\Ansagan\Documents\Ansagan\Ansagan\dataset\images\train\belgi10_142.jpg,C:\Users\Ansagan\Documents\Ansagan\Ansagan\dataset\labels\train\belgi10_142.txt,640,640,130.6769482421875,79.49767183392794,1,True
train,C:\Users\Ansagan\Documents\Ansagan\Ansagan\dataset\images\train\belgi10_143.jpg,C:\Users\Ansagan\Documents\Ansagan\Ansagan\dataset\labels\train\belgi10_143.txt,640,640,130.57158447265624,79.6019236740947,1,True
train,C:\Users\Ansagan\Documents\Ansagan\Ansagan\dataset\images\train\belgi10_144.jpg,C:\Users\Ansagan\Documents\Ansagan\Ansagan\dataset\labels\train\belgi10_144.txt,640,640,130.46482177734376,79.6000507161653,1,True
train,C:\Users\Ansagan\Documents\Ansagan\Ansagan\dataset\images\train\belgi10_145.jpg,C:\Users\Ansagan\Documents\Ansagan\Ansagan\dataset\labels\train\belgi10_145.txt,640,640,124.32310302734375,79.49770450105856,1,True
train,C:\Users\Ansagan\Documents\Ansagan\Ansagan\dataset\images\train\belgi10_146.jpg,C:\Users\Ansagan\Documents\Ansagan\Ansagan\dataset\labels\train\belgi10_146.txt,640,640,125.723740234375,80.11374475400989,1,True
train,C:\Users\Ansagan\Documents\Ansagan\Ansagan\dataset\images\train\belgi10_147.jpg,C:\Users\Ansagan\Documents\Ansagan\Ansagan\dataset\labels\train\belgi10_147.txt,640,640,125.723466796875,80.11390352602119,1,True
train,C:\Users\Ansagan\Documents\Ansagan\Ansagan\dataset\images\train\belgi10_148.jpg,C:\Users\Ansagan\Documents\Ansagan\Ansagan\dataset\labels\train\belgi10_148.txt,640,640,125.624326171875,80.2094652607599,1,True
train,C:\Users\Ansagan\Documents\Ansagan\Ansagan\dataset\images\train\belgi10_149.jpg,C:\Users\Ansagan\Documents\Ansagan\Ansagan\dataset\labels\train\belgi10_149.txt,640,640,125.5198828125,80.20506149757644,1,True
train,C:\Users\Ansagan\Documents\Ansagan\Ansagan\dataset\images\train\belgi10_15.jpg,C:\Users\Ansagan\Documents\Ansagan\Ansagan\dataset\labels\train\belgi10_15.txt,640,640,129.253955078125,73.6048623443081,1,True
train,C:\Users\Ansagan\Documents\Ansagan\Ansagan\dataset\images\train\belgi10_151.jpg,C:\Users\Ansagan\Documents\Ansagan\Ansagan\dataset\labels\train\belgi10_151.txt,640,640,114.9580029296875,84.227429306457,1,True
train,C:\Users\Ansagan\Documents\Ansagan\Ansagan\dataset\images\train\belgi10_152.jpg,C:\Users\Ansagan\Documents\Ansagan\Ansagan\dataset\labels\train\belgi10_152.txt,640,640,114.95798583984374,84.22703901663387,1,True
train,C:\Users\Ansagan\Documents\Ansagan\Ansagan\dataset\images\train\belgi10_153.jpg,C:\Users\Ansagan\Documents\Ansagan\Ansagan\dataset\labels\train\belgi10_153.txt,640,640,114.86424560546875,84.2999234037676,1,True
train,C:\Users\Ansagan\Documents\Ansagan\Ansagan\dataset\images\train\belgi10_154.jpg,C:\Users\Ansagan\Documents\Ansagan\Ansagan\dataset\labels\train\belgi10_154.txt,640,640,114.75832275390626,84.29119224832377,1,True
train,C:\Users\Ansagan\Documents\Ansagan\Ansagan\dataset\images\train\belgi10_155.jpg,C:\Users\Ansagan\Documents\Ansagan\Ansagan\dataset\labels\train\belgi10_155.txt,640,640,140.04205322265625,84.22700117038104,1,True
train,C:\Users\Ansagan\Documents\Ansagan\Ansagan\dataset\images\train\belgi10_156.jpg,C:\Users\Ansagan\Documents\Ansagan\Ansagan\dataset\labels\train\belgi10_156.txt,640,640,109.73760009765626,83.28851247240203,1,True
train,C:\Users\Ansagan\Documents\Ansagan\Ansagan\dataset\images\train\belgi10_158.jpg,C:\Users\Ansagan\Documents\Ansagan\Ansagan\dataset\labels\train\belgi10_158.txt,640,640,109.636455078125,83.35839287807065,1,True
train,C:\Users\Ansagan\Documents\Ansagan\Ansagan\dataset\images\train\belgi10_16.jpg,C:\Users\Ansagan\Documents\Ansagan\Ansagan\dataset\labels\train\belgi10_16.txt,640,640,127.4338671875,71.65147168764783,1,True
train,C:\Users\Ansagan\Documents\Ansagan\Ansagan\dataset\images\train\belgi10_160.jpg,C:\Users\Ansagan\Documents\Ansagan\Ansagan\dataset\labels\train\belgi10_160.txt,640,640,145.26197021484376,83.28808454029718,1,True
train,C:\Users\Ansagan\Documents\Ansagan\Ansagan\dataset\images\train\belgi10_161.jpg,C:\Users\Ansagan\Documents\Ansagan\Ansagan\dataset\labels\train\belgi10_161.txt,640,640,103.3418798828125,75.84615489196355,1,True
train,C:\Users\Ansagan\Documents\Ansagan\Ansagan\dataset\images\train\belgi10_162.jpg,C:\Users\Ansagan\Documents\Ansagan\Ansagan\dataset\labels\train\belgi10_162.txt,640,640,103.3416552734375,75.84644019612347,1,True
train,C:\Users\Ansagan\Documents\Ansagan\Ansagan\dataset\images\train\belgi10_163.jpg,C:\Users\Ansagan\Documents\Ansagan\Ansagan\dataset\labels\train\belgi10_163.txt,640,640,103.2668798828125,75.90432908316659,1,True
train,C:\Users\Ansagan\Documents\Ansagan\Ansagan\dataset\images\train\belgi10_164.jpg,C:\Users\Ansagan\Documents\Ansagan\Ansagan\dataset\labels\train\belgi10_164.txt,640,640,103.16726806640625,75.89732490761608,1,True
train,C:\Users\Ansagan\Documents\Ansagan\Ansagan\dataset\images\train\belgi10_165.jpg,C:\Users\Ansagan\Documents\Ansagan\Ansagan\dataset\labels\train\belgi10_165.txt,640,640,151.65850341796875,75.84647482169116,1,True
train,C:\Users\Ansagan\Documents\Ansagan\Ansagan\dataset\images\train\belgi10_167.jpg,C:\Users\Ansagan\Documents\Ansagan\Ansagan\dataset\labels\train\belgi10_167.txt,640,640,115.361328125,73.84720119681768,1,True
train,C:\Users\Ansagan\Documents\Ansagan\Ansagan\dataset\images\train\belgi10_168.jpg,C:\Users\Ansagan\Documents\Ansagan\Ansagan\dataset\labels\train\belgi10_168.txt,640,640,115.2768359375,73.92736311500056,1,True
train,C:\Users\Ansagan\Documents\Ansagan\Ansagan\dataset\images\train\belgi10_17.jpg,C:\Users\Ansagan\Documents\Ansagan\Ansagan\dataset\labels\train\belgi10_17.txt,640,640,127.43354248046874,71.65167415748199,1,True
train,C:\Users\Ansagan\Documents\Ansagan\Ansagan\dataset\images\train\belgi10_170.jpg,C:\Users\Ansagan\Documents\Ansagan\Ansagan\dataset\labels\train\belgi10_170.txt,640,640,139.638466796875,73.84716653776975,1,True
train,C:\Users\Ansagan\Documents\Ansagan\Ansagan\dataset\images\train\belgi10_172.jpg,C:\Users\Ansagan\Documents\Ansagan\Ansagan\dataset\labels\train\belgi10_172.txt,640,640,117.7993359375,83.08346417362645,1,True
train,C:\Users\Ansagan\Documents\Ansagan\Ansagan\dataset\images\train\belgi10_174.jpg,C:\Users\Ansagan\Documents\Ansagan\Ansagan\dataset\labels\train\belgi10_174.txt,640,640,117.5900146484375,83.1824883908995,1,True
train,C:\Users\Ansagan\Documents\Ansagan\Ansagan\dataset\images\train\belgi10_175.jpg,C:\Users\Ansagan\Documents\Ansagan\Ansagan\dataset\labels\train\belgi10_175.txt,640,640,137.20049072265624,83.08369965694217,1,True
train,C:\Users\Ansagan\Documents\Ansagan\Ansagan\dataset\images\train\belgi10_176.jpg,C:\Users\Ansagan\Documents\Ansagan\Ansagan\dataset\labels\train\belgi10_176.txt,640,640,118.4551953125,76.91876024798407,1,True
train,C:\Users\Ansagan\Documents\Ansagan\Ansagan\dataset\images\train\belgi10_177.jpg,C:\Users\Ansagan\Documents\Ansagan\Ansagan\dataset\labels\train\belgi10_177.txt,640,640,118.45528076171875,76.91866574400628,1,True
train,C:\Users\Ansagan\Documents\Ansagan\Ansagan\dataset\images\train\belgi10_179.jpg,C:\Users\Ansagan\Documents\Ansagan\Ansagan\dataset\labels\train\belgi10_179.txt,640,640,118.23467529296875,77.01259296924572,1,True
train,C:\Users\Ansagan\Documents\Ansagan\Ansagan\dataset\images\train\belgi10_18.jpg,C:\Users\Ansagan\Documents\Ansagan\Ansagan\dataset\labels\train\belgi10_18.txt,640,640,127.3304345703125,71.76338141840947,1,True
train,C:\Users\Ansagan\Documents\Ansagan\Ansagan\dataset\images\train\belgi10_180.jpg,C:\Users\Ansagan\Documents\Ansagan\Ansagan\dataset\labels\train\belgi10_180.txt,640,640,136.5448681640625,76.91886028733487,1,True
train,C:\Users\Ansagan\Documents\Ansagan\Ansagan\dataset\images\train\belgi10_181.jpg,C:\Users\Ansagan\Documents\Ansagan\Ansagan\dataset\labels\train\belgi10_181.txt,640,640,121.6926171875,81.54454857039045,1,True
train,C:\Users\Ansagan\Documents\Ansagan\Ansagan\dataset\images\train\belgi10_182.jpg,C:\Users\Ansagan\Documents\Ansagan\Ansagan\dataset\labels\train\belgi10_182.txt,640,640,121.6928466796875,81.5440078570136,1,True
train,C:\Users\Ansagan\Documents\Ansagan\Ansagan\dataset\images\train\belgi10_183.jpg,C:\Users\Ansagan\Documents\Ansagan\Ansagan\dataset\labels\train\belgi10_183.txt,640,640,121.576015625,81.64025844979764,1,True
train,C:\Users\Ansagan\Documents\Ansagan\Ansagan\dataset\images\train\belgi10_184.jpg,C:\Users\Ansagan\Documents\Ansagan\Ansagan\dataset\labels\train\belgi10_184.txt,640,640,121.49799072265625,81.6290778967121,1,True
train,C:\Users\Ansagan\Documents\Ansagan\Ansagan\dataset\images\train\belgi10_185.jpg,C:\Users\Ansagan\Documents\Ansagan\Ansagan\dataset\labels\train\belgi10_185.txt,640,640,133.3070849609375,81.54415562743188,1,True
train,C:\Users\Ansagan\Documents\Ansagan\Ansagan\dataset\images\train\belgi10_186.jpg,C:\Users\Ansagan\Documents\Ansagan\Ansagan\dataset\labels\train\belgi10_186.txt,640,640,106.4842919921875,78.54799135332044,1,True
train,C:\Users\Ansagan\Documents\Ansagan\Ansagan\dataset\images\train\belgi10_187.jpg,C:\Users\Ansagan\Documents\Ansagan\Ansagan\dataset\labels\train\belgi10_187.txt,640,640,106.4841552734375,78.54831917510204,1,True
train,C:\Users\Ansagan\Documents\Ansagan\Ansagan\dataset\images\train\belgi10_188.jpg,C:\Users\Ansagan\Documents\Ansagan\Ansagan\dataset\labels\train\belgi10_188.txt,640,640,106.37590087890625,78.62294524710975,1,True
train,C:\Users\Ansagan\Documents\Ansagan\Ansagan\dataset\images\train\belgi10_189.jpg,C:\Users\Ansagan\Documents\Ansagan\Ansagan\dataset\labels\train\belgi10_189.txt,640,640,106.2819873046875,78.58681579596579,1,True
train,C:\Users\Ansagan\Documents\Ansagan\Ansagan\dataset\images\train\belgi10_19.jpg,C:\Users\Ansagan\Documents\Ansagan\Ansagan\dataset\labels\train\belgi10_19.txt,640,640,127.21904296875,71.75440105637487,1,True
train,C:\Users\Ansagan\Documents\Ansagan\Ansagan\dataset\images\train\belgi10_190.jpg,C:\Users\Ansagan\Documents\Ansagan\Ansagan\dataset\labels\train\belgi10_190.txt,640,640,148.51587158203125,78.5483336536974,1,True
train,C:\Users\Ansagan\Documents\Ansagan\Ansagan\dataset\images\train\belgi10_191.jpg,C:\Users\Ansagan\Documents\Ansagan\Ansagan\dataset\labels\train\belgi10_191.txt,640,640,109.0648046875,76.75298984252366,1,True
train,C:\Users\Ansagan\Documents\Ansagan\Ansagan\dataset\images\train\belgi10_192.jpg,C:\Users\Ansagan\Documents\Ansagan\Ansagan\dataset\labels\train\belgi10_192.txt,640,640,109.0646826171875,76.75319278875902,1,True
train,C:\Users\Ansagan\Documents\Ansagan\Ansagan\dataset\images\train\belgi10_193.jpg,C:\Users\Ansagan\Documents\Ansagan\Ansagan\dataset\labels\train\belgi10_193.txt,640,640,108.95755615234376,76.83367437747602,1,True
train,C:\Users\Ansagan\Documents\Ansagan\Ansagan\dataset\images\train\belgi10_194.jpg,C:\Users\Ansagan\Documents\Ansagan\Ansagan\dataset\labels\train\belgi10_194.txt,640,640,108.84881103515625,76.79429825154789,1,True
train,C:\Users\Ansagan\Documents\Ansagan\Ansagan\dataset\images\train\belgi10_195.jpg,C:\Users\Ansagan\Documents\Ansagan\Ansagan\dataset\labels\train\belgi10_195.txt,640,640,145.9353271484375,76.75314031289548,1,True
train,C:\Users\Ansagan\Documents\Ansagan\Ansagan\dataset\images\train\belgi10_196.jpg,C:\Users\Ansagan\Documents\Ansagan\Ansagan\dataset\labels\train\belgi10_196.txt,640,640,119.7224072265625,79.81497134771465,1,True
train,C:\Users\Ansagan\Documents\Ansagan\Ansagan\dataset\images\train\belgi10_197.jpg,C:\Users\Ansagan\Documents\Ansagan\Ansagan\dataset\labels\train\belgi10_197.txt,640,640,119.72205322265626,79.8151937007692,1,True
train,C:\Users\Ansagan\Documents\Ansagan\Ansagan\dataset\images\train\belgi10_198.jpg,C:\Users\Ansagan\Documents\Ansagan\Ansagan\dataset\labels\train\belgi10_198.txt,640,640,119.60797119140625,79.9085098027833,1,True
train,C:\Users\Ansagan\Documents\Ansagan\Ansagan\dataset\images\train\belgi10_199.jpg,C:\Users\Ansagan\Documents\Ansagan\Ansagan\dataset\labels\train\belgi10_199.txt,640,640,119.50103515625,79.88041283927971,1,True
train,C:\Users\Ansagan\Documents\Ansagan\Ansagan\dataset\images\train\belgi10_200.jpg,C:\Users\Ansagan\Documents\Ansagan\Ansagan\dataset\labels\train\belgi10_200.txt,640,640,135.277919921875,79.8152173319323,1,True
train,C:\Users\Ansagan\Documents\Ansagan\Ansagan\dataset\images\train\belgi10_201.jpg,C:\Users\Ansagan\Documents\Ansagan\Ansagan\dataset\labels\train\belgi10_201.txt,640,640,123.42754638671875,79.02864566367603,1,True
train,C:\Users\Ansagan\Documents\Ansagan\Ansagan\dataset\images\train\belgi10_203.jpg,C:\Users\Ansagan\Documents\Ansagan\Ansagan\dataset\labels\train\belgi10_203.txt,640,640,123.31008056640626,79.12965107740702,1,True
train,C:\Users\Ansagan\Documents\Ansagan\Ansagan\dataset\images\train\belgi10_204.jpg,C:\Users\Ansagan\Documents\Ansagan\Ansagan\dataset\labels\train\belgi10_204.txt,640,640,123.20239990234376,79.10657244074288,1,True
train,C:\Users\Ansagan\Documents\Ansagan\Ansagan\dataset\images\train\belgi10_205.jpg,C:\Users\Ansagan\Documents\Ansagan\Ansagan\dataset\labels\train\belgi10_205.txt,640,640,131.57203857421874,79.02864539434862,1,True
train,C:\Users\Ansagan\Documents\Ansagan\Ansagan\dataset\images\train\belgi10_206.jpg,C:\Users\Ansagan\Documents\Ansagan\Ansagan\dataset\labels\train\belgi10_206.txt,640,640,130.09231689453125,76.86328928557516,1,True
train,C:\Users\Ansagan\Documents\Ansagan\Ansagan\dataset\images\train\belgi10_207.jpg,C:\Users\Ansagan\Documents\Ansagan\Ansagan\dataset\labels\train\belgi10_207.txt,640,640,130.09211669921876,76.86319982708407,1,True
train,C:\Users\Ansagan\Documents\Ansagan\Ansagan\dataset\images\train\belgi10_208.jpg,C:\Users\Ansagan\Documents\Ansagan\Ansagan\dataset\labels\train\belgi10_208.txt,640,640,129.97627685546874,76.97493083311731,1,True
train,C:\Users\Ansagan\Documents\Ansagan\Ansagan\dataset\images\train\belgi10_209.jpg,C:\Users\Ansagan\Documents\Ansagan\Ansagan\dataset\labels\train\belgi10_209.txt,640,640,129.86689453125,76.95945975020591,1,True
train,C:\Users\Ansagan\Documents\Ansagan\Ansagan\dataset\images\train\belgi10_210.jpg,C:\Users\Ansagan\Documents\Ansagan\Ansagan\dataset\labels\train\belgi10_210.txt,640,640,124.9077197265625,76.86314625312484,1,True
train,C:\Users\Ansagan\Documents\Ansagan\Ansagan\dataset\images\train\belgi10_211.jpg,C:\Users\Ansagan\Documents\Ansagan\Ansagan\dataset\labels\train\belgi10_211.txt,640,640,114.82880126953125,79.21371600178274,1,True
train,C:\Users\Ansagan\Documents\Ansagan\Ansagan\dataset\images\train\belgi10_212.jpg,C:\Users\Ansagan\Documents\Ansagan\Ansagan\dataset\labels\train\belgi10_212.txt,640,640,114.82916259765625,79.21316706554926,1,True
train,C:\Users\Ansagan\Documents\Ansagan\Ansagan\dataset\images\train\belgi10_214.jpg,C:\Users\Ansagan\Documents\Ansagan\Ansagan\dataset\labels\train\belgi10_214.txt,640,640,114.69419189453124,79.29801602908312,1,True
train,C:\Users\Ansagan\Documents\Ansagan\Ansagan\dataset\images\train\belgi10_215.jpg,C:\Users\Ansagan\Documents\Ansagan\Ansagan\dataset\labels\train\belgi10_215.txt,640,640,140.1709033203125,79.21344426305451,1,True
train,C:\Users\Ansagan\Documents\Ansagan\Ansagan\dataset\images\train\belgi10_216.jpg,C:\Users\Ansagan\Documents\Ansagan\Ansagan\dataset\labels\train\belgi10_216.txt,640,640,117.74005126953125,75.97732624871463,1,True
train,C:\Users\Ansagan\Documents\Ansagan\Ansagan\dataset\images\train\belgi10_217.jpg,C:\Users\Ansagan\Documents\Ansagan\Ansagan\dataset\labels\train\belgi10_217.txt,640,640,117.73976318359375,75.9773492339895,1,True
train,C:\Users\Ansagan\Documents\Ansagan\Ansagan\dataset\images\train\belgi10_218.jpg,C:\Users\Ansagan\Documents\Ansagan\Ansagan\dataset\labels\train\belgi10_218.txt,640,640,117.672626953125,76.04651398834008,1,True
train,C:\Users\Ansagan\Documents\Ansagan\Ansagan\dataset\images\train\belgi10_22.jpg,C:\Users\Ansagan\Documents\Ansagan\Ansagan\dataset\labels\train\belgi10_22.txt,640,640,122.7657177734375,78.74286602435133,1,True
train,C:\Users\Ansagan\Documents\Ansagan\Ansagan\dataset\images\train\belgi10_220.jpg,C:\Users\Ansagan\Documents\Ansagan\Ansagan\dataset\labels\train\belgi10_220.txt,640,640,137.26038818359376,75.97770892930497,1,True
train,C:\Users\Ansagan\Documents\Ansagan\Ansagan\dataset\images\train\belgi10_221.jpg,C:\Users\Ansagan\Documents\Ansagan\Ansagan\dataset\labels\train\belgi10_221.txt,640,640,129.44403076171875,76.12698332457826,1,True
train,C:\Users\Ansagan\Documents\Ansagan\Ansagan\dataset\images\train\belgi10_223.jpg,C:\Users\Ansagan\Documents\Ansagan\Ansagan\dataset\labels\train\belgi10_223.txt,640,640,129.3512744140625,76.2264198288155,1,True
train,C:\Users\Ansagan\Documents\Ansagan\Ansagan\dataset\images\train\belgi10_224.jpg,C:\Users\Ansagan\Documents\Ansagan\Ansagan\dataset\labels\train\belgi10_224.txt,640,640,129.242236328125,76.26227906560416,1,True
train,C:\Users\Ansagan\Documents\Ansagan\Ansagan\dataset\images\train\belgi10_225.jpg,C:\Users\Ansagan\Documents\Ansagan\Ansagan\dataset\labels\train\belgi10_225.txt,640,640,125.5558740234375,76.127066488319,1,True
train,C:\Users\Ansagan\Documents\Ansagan\Ansagan\dataset\images\train\belgi10_226.jpg,C:\Users\Ansagan\Documents\Ansagan\Ansagan\dataset\labels\train\belgi10_226.txt,640,640,142.498642578125,76.90124230136561,1,True
train,C:\Users\Ansagan\Documents\Ansagan\Ansagan\dataset\images\train\belgi10_227.jpg,C:\Users\Ansagan\Documents\Ansagan\Ansagan\dataset\labels\train\belgi10_227.txt,640,640,142.49830322265626,76.90128524870177,1,True
train,C:\Users\Ansagan\Documents\Ansagan\Ansagan\dataset\images\train\belgi10_228.jpg,C:\Users\Ansagan\Documents\Ansagan\Ansagan\dataset\labels\train\belgi10_228.txt,640,640,142.17166259765625,77.02525218928959,1,True
train,C:\Users\Ansagan\Documents\Ansagan\Ansagan\dataset\images\train\belgi10_229.jpg,C:\Users\Ansagan\Documents\Ansagan\Ansagan\dataset\labels\train\belgi10_229.txt,640,640,142.28040283203126,77.05961692278872,1,True
train,C:\Users\Ansagan\Documents\Ansagan\Ansagan\dataset\images\train\belgi10_231.jpg,C:\Users\Ansagan\Documents\Ansagan\Ansagan\dataset\labels\train\belgi10_231.txt,640,640,149.46153076171876,70.06826512019292,1,True
train,C:\Users\Ansagan\Documents\Ansagan\Ansagan\dataset\images\train\belgi10_232.jpg,C:\Users\Ansagan\Documents\Ansagan\Ansagan\dataset\labels\train\belgi10_232.txt,640,640,149.4611572265625,70.06811477438099,1,True
train,C:\Users\Ansagan\Documents\Ansagan\Ansagan\dataset\images\train\belgi10_234.jpg,C:\Users\Ansagan\Documents\Ansagan\Ansagan\dataset\labels\train\belgi10_234.txt,640,640,149.19181396484376,70.27369486042757,1,True
train,C:\Users\Ansagan\Documents\Ansagan\Ansagan\dataset\images\train\belgi10_235.jpg,C:\Users\Ansagan\Documents\Ansagan\Ansagan\dataset\labels\train\belgi10_235.txt,640,640,105.53864501953124,70.06802547569373,1,True
train,C:\Users\Ansagan\Documents\Ansagan\Ansagan\dataset\images\train\belgi10_237.jpg,C:\Users\Ansagan\Documents\Ansagan\Ansagan\dataset\labels\train\belgi10_237.txt,640,640,137.853896484375,72.71867913654843,1,True
train,C:\Users\Ansagan\Documents\Ansagan\Ansagan\dataset\images\train\belgi10_238.jpg,C:\Users\Ansagan\Documents\Ansagan\Ansagan\dataset\labels\train\belgi10_238.txt,640,640,137.751025390625,72.84205713071613,1,True
train,C:\Users\Ansagan\Documents\Ansagan\Ansagan\dataset\images\train\belgi10_239.jpg,C:\Users\Ansagan\Documents\Ansagan\Ansagan\dataset\labels\train\belgi10_239.txt,640,640,137.64033935546874,72.87499123728287,1,True
train,C:\Users\Ansagan\Documents\Ansagan\Ansagan\dataset\images\train\belgi10_240.jpg,C:\Users\Ansagan\Documents\Ansagan\Ansagan\dataset\labels\train\belgi10_240.txt,640,640,117.1458642578125,72.71867968400883,1,True
train,C:\Users\Ansagan\Documents\Ansagan\Ansagan\dataset\images\train\belgi10_241.jpg,C:\Users\Ansagan\Documents\Ansagan\Ansagan\dataset\labels\train\belgi10_241.txt,640,640,120.5795703125,79.35234264846719,1,True
train,C:\Users\Ansagan\Documents\Ansagan\Ansagan\dataset\images\train\belgi10_242.jpg,C:\Users\Ansagan\Documents\Ansagan\Ansagan\dataset\labels\train\belgi10_242.txt,640,640,120.57950439453126,79.35277775386552,1,True
train,C:\Users\Ansagan\Documents\Ansagan\Ansagan\dataset\images\train\belgi10_243.jpg,C:\Users\Ansagan\Documents\Ansagan\Ansagan\dataset\labels\train\belgi10_243.txt,640,640,120.48711669921875,79.43535362362041,1,True
train,C:\Users\Ansagan\Documents\Ansagan\Ansagan\dataset\images\train\belgi10_244.jpg,C:\Users\Ansagan\Documents\Ansagan\Ansagan\dataset\labels\train\belgi10_244.txt,640,640,120.396318359375,79.44285413039377,1,True
train,C:\Users\Ansagan\Documents\Ansagan\Ansagan\dataset\images\train\belgi10_246.jpg,C:\Users\Ansagan\Documents\Ansagan\Ansagan\dataset\labels\train\belgi10_246.txt,640,640,119.15623779296875,85.00120286606438,1,True
train,C:\Users\Ansagan\Documents\Ansagan\Ansagan\dataset\images\train\belgi10_247.jpg,C:\Users\Ansagan\Documents\Ansagan\Ansagan\dataset\labels\train\belgi10_247.txt,640,640,119.15652099609375,85.0009496770595,1,True
train,C:\Users\Ansagan\Documents\Ansagan\Ansagan\dataset\images\train\belgi10_248.jpg,C:\Users\Ansagan\Documents\Ansagan\Ansagan\dataset\labels\train\belgi10_248.txt,640,640,119.0542578125,85.08252964628906,1,True
train,C:\Users\Ansagan\Documents\Ansagan\Ansagan\dataset\images\train\belgi10_249.jpg,C:\Users\Ansagan\Documents\Ansagan\Ansagan\dataset\labels\train\belgi10_249.txt,640,640,118.94845458984375,85.07273724219344,1,True
train,C:\Users\Ansagan\Documents\Ansagan\Ansagan\dataset\images\train\belgi10_25.jpg,C:\Users\Ansagan\Documents\Ansagan\Ansagan\dataset\labels\train\belgi10_25.txt,640,640,132.23410888671876,78.7429170001793,1,True
train,C:\Users\Ansagan\Documents\Ansagan\Ansagan\dataset\images\train\belgi10_251.jpg,C:\Users\Ansagan\Documents\Ansagan\Ansagan\dataset\labels\train\belgi10_251.txt,640,640,125.72766845703126,84.75172091082936,1,True
train,C:\Users\Ansagan\Documents\Ansagan\Ansagan\dataset\images\train\belgi10_253.jpg,C:\Users\Ansagan\Documents\Ansagan\Ansagan\dataset\labels\train\belgi10_253.txt,640,640,125.63179931640624,84.83881392199089,1,True
train,C:\Users\Ansagan\Documents\Ansagan\Ansagan\dataset\images\train\belgi10_254.jpg,C:\Users\Ansagan\Documents\Ansagan\Ansagan\dataset\labels\train\belgi10_254.txt,640,640,125.48287353515624,84.82171309486895,1,True
train,C:\Users\Ansagan\Documents\Ansagan\Ansagan\dataset\images\train\belgi10_255.jpg,C:\Users\Ansagan\Documents\Ansagan\Ansagan\dataset\labels\train\belgi10_255.txt,640,640,129.2729443359375,84.75234281550927,1,True
train,C:\Users\Ansagan\Documents\Ansagan\Ansagan\dataset\images\train\belgi10_258.jpg,C:\Users\Ansagan\Documents\Ansagan\Ansagan\dataset\labels\train\belgi10_258.txt,640,640,131.6795654296875,75.8068004762367,1,True
train,C:\Users\Ansagan\Documents\Ansagan\Ansagan\dataset\images\train\belgi10_259.jpg,C:\Users\Ansagan\Documents\Ansagan\Ansagan\dataset\labels\train\belgi10_259.txt,640,640,131.63774658203124,75.82985091341676,1,True
train,C:\Users\Ansagan\Documents\Ansagan\Ansagan\dataset\images\train\belgi10_26.jpg,C:\Users\Ansagan\Documents\Ansagan\Ansagan\dataset\labels\train\belgi10_26.txt,640,640,122.928701171875,77.09692037507632,1,True
train,C:\Users\Ansagan\Documents\Ansagan\Ansagan\dataset\images\train\belgi10_260.jpg,C:\Users\Ansagan\Documents\Ansagan\Ansagan\dataset\labels\train\belgi10_260.txt,640,640,123.1476513671875,75.70658535597327,1,True
train,C:\Users\Ansagan\Documents\Ansagan\Ansagan\dataset\images\train\belgi10_27.jpg,C:\Users\Ansagan\Documents\Ansagan\Ansagan\dataset\labels\train\belgi10_27.txt,640,640,122.9281689453125,77.09817764106373,1,True
train,C:\Users\Ansagan\Documents\Ansagan\Ansagan\dataset\images\train\belgi10_29.jpg,C:\Users\Ansagan\Documents\Ansagan\Ansagan\dataset\labels\train\belgi10_29.txt,640,640,122.71442138671875,77.18060286766224,1,True
train,C:\Users\Ansagan\Documents\Ansagan\Ansagan\dataset\images\train\belgi10_30.jpg,C:\Users\Ansagan\Documents\Ansagan\Ansagan\dataset\labels\train\belgi10_30.txt,640,640,132.071826171875,77.09804607244294,1,True
train,C:\Users\Ansagan\Documents\Ansagan\Ansagan\dataset\images\train\belgi10_31.jpg,C:\Users\Ansagan\Documents\Ansagan\Ansagan\dataset\labels\train\belgi10_31.txt,640,640,120.2184326171875,81.65329508194158,1,True
train,C:\Users\Ansagan\Documents\Ansagan\Ansagan\dataset\images\train\belgi10_32.jpg,C:\Users\Ansagan\Documents\Ansagan\Ansagan\dataset\labels\train\belgi10_32.txt,640,640,120.21864013671875,81.65305205483456,1,True
train,C:\Users\Ansagan\Documents\Ansagan\Ansagan\dataset\images\train\belgi10_33.jpg,C:\Users\Ansagan\Documents\Ansagan\Ansagan\dataset\labels\train\belgi10_33.txt,640,640,120.11423583984374,81.74242235687998,1,True
train,C:\Users\Ansagan\Documents\Ansagan\Ansagan\dataset\images\train\belgi10_34.jpg,C:\Users\Ansagan\Documents\Ansagan\Ansagan\dataset\labels\train\belgi10_34.txt,640,640,120.0058740234375,81.73134209071189,1,True
train,C:\Users\Ansagan\Documents\Ansagan\Ansagan\dataset\images\train\belgi10_35.jpg,C:\Users\Ansagan\Documents\Ansagan\Ansagan\dataset\labels\train\belgi10_35.txt,640,640,134.78127685546875,81.65307664931755,1,True
train,C:\Users\Ansagan\Documents\Ansagan\Ansagan\dataset\images\train\belgi10_36.jpg,C:\Users\Ansagan\Documents\Ansagan\Ansagan\dataset\labels\train\belgi10_36.txt,640,640,113.69025146484375,79.7055517585691,1,True
val,C:\Users\Ansagan\Documents\Ansagan\Ansagan\dataset\images\val\basty_101.jpg,C:\Users\Ansagan\Documents\Ansagan\Ansagan\dataset\labels\val\basty_101.txt,640,640,149.4224755859375,72.97041259297265,1,True
val,C:\Users\Ansagan\Documents\Ansagan\Ansagan\dataset\images\val\basty_102.jpg,C:\Users\Ansagan\Documents\Ansagan\Ansagan\dataset\labels\val\basty_102.txt,640,640,149.423505859375,72.97103344402242,1,True
val,C:\Users\Ansagan\Documents\Ansagan\Ansagan\dataset\images\val\basty_108.jpg,C:\Users\Ansagan\Documents\Ansagan\Ansagan\dataset\labels\val\basty_108.txt,640,640,114.90333984375,72.3923042891353,1,True
val,C:\Users\Ansagan\Documents\Ansagan\Ansagan\dataset\images\val\basty_110.jpg,C:\Users\Ansagan\Documents\Ansagan\Ansagan\dataset\labels\val\basty_110.txt,640,640,143.2029638671875,74.83514167616745,1,True
val,C:\Users\Ansagan\Documents\Ansagan\Ansagan\dataset\images\val\basty_114.jpg,C:\Users\Ansagan\Documents\Ansagan\Ansagan\dataset\labels\val\basty_114.txt,640,640,132.78798828125,79.64486075683996,1,True
val,C:\Users\Ansagan\Documents\Ansagan\Ansagan\dataset\images\val\basty_122.jpg,C:\Users\Ansagan\Documents\Ansagan\Ansagan\dataset\labels\val\basty_122.txt,640,640,143.41206298828126,77.4380384647084,1,True
val,C:\Users\Ansagan\Documents\Ansagan\Ansagan\dataset\images\val\basty_125.jpg,C:\Users\Ansagan\Documents\Ansagan\Ansagan\dataset\labels\val\basty_125.txt,640,640,122.47841064453125,82.15361615995697,1,True
val,C:\Users\Ansagan\Documents\Ansagan\Ansagan\dataset\images\val\basty_136.jpg,C:\Users\Ansagan\Documents\Ansagan\Ansagan\dataset\labels\val\basty_136.txt,640,640,105.348798828125,76.52155221658347,1,True
val,C:\Users\Ansagan\Documents\Ansagan\Ansagan\dataset\images\val\basty_14.jpg,C:\Users\Ansagan\Documents\Ansagan\Ansagan\dataset\labels\val\basty_14.txt,640,640,142.39033203125,64.9798021825754,1,True
val,C:\Users\Ansagan\Documents\Ansagan\Ansagan\dataset\images\val\basty_142.jpg,C:\Users\Ansagan\Documents\Ansagan\Ansagan\dataset\labels\val\basty_142.txt,640,640,131.41964599609375,76.71710040405549,1,True
val,C:\Users\Ansagan\Documents\Ansagan\Ansagan\dataset\images\val\basty_144.jpg,C:\Users\Ansagan\Documents\Ansagan\Ansagan\dataset\labels\val\basty_144.txt,640,640,123.58387451171875,76.7173189544987,1,True
val,C:\Users\Ansagan\Documents\Ansagan\Ansagan\dataset\images\val\basty_145.jpg,C:\Users\Ansagan\Documents\Ansagan\Ansagan\dataset\labels\val\basty_145.txt,640,640,139.84624755859375,75.8619643310099,1,True
val,C:\Users\Ansagan\Documents\Ansagan\Ansagan\dataset\images\val\basty_147.jpg,C:\Users\Ansagan\Documents\Ansagan\Ansagan\dataset\labels\val\basty_147.txt,640,640,139.84587158203124,75.85943467941212,1,True
val,C:\Users\Ansagan\Documents\Ansagan\Ansagan\dataset\images\val\basty_150.jpg,C:\Users\Ansagan\Documents\Ansagan\Ansagan\dataset\labels\val\basty_150.txt,640,640,126.60525390625,81.39882350202402,1,True
val,C:\Users\Ansagan\Documents\Ansagan\Ansagan\dataset\images\val\basty_151.jpg,C:\Users\Ansagan\Documents\Ansagan\Ansagan\dataset\labels\val\basty_151.txt,640,640,126.60353271484375,81.4005918062433,1,True
val,C:\Users\Ansagan\Documents\Ansagan\Ansagan\dataset\images\val\basty_157.jpg,C:\Users\Ansagan\Documents\Ansagan\Ansagan\dataset\labels\val\basty_157.txt,640,640,141.6745849609375,70.29223533375799,1,True
val,C:\Users\Ansagan\Documents\Ansagan\Ansagan\dataset\images\val\basty_162.jpg,C:\Users\Ansagan\Documents\Ansagan\Ansagan\dataset\labels\val\basty_162.txt,640,640,138.662314453125,60.72379632525555,1,True
val,C:\Users\Ansagan\Documents\Ansagan\Ansagan\dataset\images\val\basty_168.jpg,C:\Users\Ansagan\Documents\Ansagan\Ansagan\dataset\labels\val\basty_168.txt,640,640,101.14882080078125,60.434002761455396,1,True
val,C:\Users\Ansagan\Documents\Ansagan\Ansagan\dataset\images\val\basty_170.jpg,C:\Users\Ansagan\Documents\Ansagan\Ansagan\dataset\labels\val\basty_170.txt,640,640,145.001552734375,72.51534120103882,1,True
val,C:\Users\Ansagan\Documents\Ansagan\Ansagan\dataset\images\val\basty_175.jpg,C:\Users\Ansagan\Documents\Ansagan\Ansagan\dataset\labels\val\basty_175.txt,640,640,141.57197509765626,72.06137300760767,1,True
val,C:\Users\Ansagan\Documents\Ansagan\Ansagan\dataset\images\val\basty_21.jpg,C:\Users\Ansagan\Documents\Ansagan\Ansagan\dataset\labels\val\basty_21.txt,640,640,127.35694091796876,82.94369179575035,1,True
val,C:\Users\Ansagan\Documents\Ansagan\Ansagan\dataset\images\val\basty_31.jpg,C:\Users\Ansagan\Documents\Ansagan\Ansagan\dataset\labels\val\basty_31.txt,640,640,143.8649560546875,67.14560194673277,1,True
val,C:\Users\Ansagan\Documents\Ansagan\Ansagan\dataset\images\val\basty_42.jpg,C:\Users\Ansagan\Documents\Ansagan\Ansagan\dataset\labels\val\basty_42.txt,640,640,139.432333984375,81.48887605270899,1,True
val,C:\Users\Ansagan\Documents\Ansagan\Ansagan\dataset\images\val\basty_45.jpg,C:\Users\Ansagan\Documents\Ansagan\Ansagan\dataset\labels\val\basty_45.txt,640,640,138.48841796875,81.3911181212091,1,True
val,C:\Users\Ansagan\Documents\Ansagan\Ansagan\dataset\images\val\basty_57.jpg,C:\Users\Ansagan\Documents\Ansagan\Ansagan\dataset\labels\val\basty_57.txt,640,640,131.33652099609375,75.6398966036379,1,True
val,C:\Users\Ansagan\Documents\Ansagan\Ansagan\dataset\images\val\basty_8.jpg,C:\Users\Ansagan\Documents\Ansagan\Ansagan\dataset\labels\val\basty_8.txt,640,640,128.78460205078125,77.14504052782576,1,True
val,C:\Users\Ansagan\Documents\Ansagan\Ansagan\dataset\images\val\basty_80.jpg,C:\Users\Ansagan\Documents\Ansagan\Ansagan\dataset\labels\val\basty_80.txt,640,640,114.95249755859375,78.83476952213347,1,True
val,C:\Users\Ansagan\Documents\Ansagan\Ansagan\dataset\images\val\basty_81.jpg,C:\Users\Ansagan\Documents\Ansagan\Ansagan\dataset\labels\val\basty_81.txt,640,640,141.523203125,61.66618824881612,1,True
val,C:\Users\Ansagan\Documents\Ansagan\Ansagan\dataset\images\val\basty_84.jpg,C:\Users\Ansagan\Documents\Ansagan\Ansagan\dataset\labels\val\basty_84.txt,640,640,113.47805419921875,61.66755005913475,1,True
val,C:\Users\Ansagan\Documents\Ansagan\Ansagan\dataset\images\val\basty_85.jpg,C:\Users\Ansagan\Documents\Ansagan\Ansagan\dataset\labels\val\basty_85.txt,640,640,140.4186669921875,71.22404842744454,1,True
val,C:\Users\Ansagan\Documents\Ansagan\Ansagan\dataset\images\val\basty_87.jpg,C:\Users\Ansagan\Documents\Ansagan\Ansagan\dataset\labels\val\basty_87.txt,640,640,140.41854248046874,71.22590097809407,1,True
val,C:\Users\Ansagan\Documents\Ansagan\Ansagan\dataset\images\val\basty_92.jpg,C:\Users\Ansagan\Documents\Ansagan\Ansagan\dataset\labels\val\basty_92.txt,640,640,121.75092041015625,73.59688105655331,1,True
val,C:\Users\Ansagan\Documents\Ansagan\Ansagan\dataset\images\val\belgi10_104.jpg,C:\Users\Ansagan\Documents\Ansagan\Ansagan\dataset\labels\val\belgi10_104.txt,640,640,126.42640625,79.8856627332286,1,True
val,C:\Users\Ansagan\Documents\Ansagan\Ansagan\dataset\images\val\belgi10_110.jpg,C:\Users\Ansagan\Documents\Ansagan\Ansagan\dataset\labels\val\belgi10_110.txt,640,640,138.5580615234375,82.34717976699777,1,True
val,C:\Users\Ansagan\Documents\Ansagan\Ansagan\dataset\images\val\belgi10_117.jpg,C:\Users\Ansagan\Documents\Ansagan\Ansagan\dataset\labels\val\belgi10_117.txt,640,640,120.80540283203125,80.92579935097683,1,True
val,C:\Users\Ansagan\Documents\Ansagan\Ansagan\dataset\images\val\belgi10_12.jpg,C:\Users\Ansagan\Documents\Ansagan\Ansagan\dataset\labels\val\belgi10_12.txt,640,640,125.745849609375,73.60490591772447,1,True
val,C:\Users\Ansagan\Documents\Ansagan\Ansagan\dataset\images\val\belgi10_120.jpg,C:\Users\Ansagan\Documents\Ansagan\Ansagan\dataset\labels\val\belgi10_120.txt,640,640,134.19462646484374,80.9260289526373,1,True
val,C:\Users\Ansagan\Documents\Ansagan\Ansagan\dataset\images\val\belgi10_126.jpg,C:\Users\Ansagan\Documents\Ansagan\Ansagan\dataset\labels\val\belgi10_126.txt,640,640,121.67857177734375,80.11550464048781,1,True
val,C:\Users\Ansagan\Documents\Ansagan\Ansagan\dataset\images\val\belgi10_132.jpg,C:\Users\Ansagan\Documents\Ansagan\Ansagan\dataset\labels\val\belgi10_132.txt,640,640,122.573369140625,78.70450532202607,1,True
val,C:\Users\Ansagan\Documents\Ansagan\Ansagan\dataset\images\val\belgi10_134.jpg,C:\Users\Ansagan\Documents\Ansagan\Ansagan\dataset\labels\val\belgi10_134.txt,640,640,122.30035400390625,78.80190966386257,1,True
val,C:\Users\Ansagan\Documents\Ansagan\Ansagan\dataset\images\val\belgi10_135.jpg,C:\Users\Ansagan\Documents\Ansagan\Ansagan\dataset\labels\val\belgi10_135.txt,640,640,132.42663330078125,78.70518692171522,1,True
val,C:\Users\Ansagan\Documents\Ansagan\Ansagan\dataset\images\val\belgi10_137.jpg,C:\Users\Ansagan\Documents\Ansagan\Ansagan\dataset\labels\val\belgi10_137.txt,640,640,130.56994384765625,77.4779156125335,1,True
val,C:\Users\Ansagan\Documents\Ansagan\Ansagan\dataset\images\val\belgi10_138.jpg,C:\Users\Ansagan\Documents\Ansagan\Ansagan\dataset\labels\val\belgi10_138.txt,640,640,130.46264892578125,77.58560098302554,1,True
val,C:\Users\Ansagan\Documents\Ansagan\Ansagan\dataset\images\val\belgi10_140.jpg,C:\Users\Ansagan\Documents\Ansagan\Ansagan\dataset\labels\val\belgi10_140.txt,640,640,124.4298779296875,77.4779618040971,1,True
val,C:\Users\Ansagan\Documents\Ansagan\Ansagan\dataset\images\val\belgi10_150.jpg,C:\Users\Ansagan\Documents\Ansagan\Ansagan\dataset\labels\val\belgi10_150.txt,640,640,129.27626220703124,80.11400217640053,1,True
val,C:\Users\Ansagan\Documents\Ansagan\Ansagan\dataset\images\val\belgi10_157.jpg,C:\Users\Ansagan\Documents\Ansagan\Ansagan\dataset\labels\val\belgi10_157.txt,640,640,109.738076171875,83.28808206269188,1,True
val,C:\Users\Ansagan\Documents\Ansagan\Ansagan\dataset\images\val\belgi10_159.jpg,C:\Users\Ansagan\Documents\Ansagan\Ansagan\dataset\labels\val\belgi10_159.txt,640,640,109.51403564453125,83.31335698682862,1,True
val,C:\Users\Ansagan\Documents\Ansagan\Ansagan\dataset\images\val\belgi10_166.jpg,C:\Users\Ansagan\Documents\Ansagan\Ansagan\dataset\labels\val\belgi10_166.txt,640,640,115.36109130859376,73.84723645679058,1,True
val,C:\Users\Ansagan\Documents\Ansagan\Ansagan\dataset\images\val\belgi10_169.jpg,C:\Users\Ansagan\Documents\Ansagan\Ansagan\dataset\labels\val\belgi10_169.txt,640,640,115.17182861328125,73.92716910487816,1,True
val,C:\Users\Ansagan\Documents\Ansagan\Ansagan\dataset\images\val\belgi10_171.jpg,C:\Users\Ansagan\Documents\Ansagan\Ansagan\dataset\labels\val\belgi10_171.txt,640,640,117.799130859375,83.08356485050477,1,True
val,C:\Users\Ansagan\Documents\Ansagan\Ansagan\dataset\images\val\belgi10_173.jpg,C:\Users\Ansagan\Documents\Ansagan\Ansagan\dataset\labels\val\belgi10_173.txt,640,640,117.7074609375,83.16163996294564,1,True
val,C:\Users\Ansagan\Documents\Ansagan\Ansagan\dataset\images\val\belgi10_178.jpg,C:\Users\Ansagan\Documents\Ansagan\Ansagan\dataset\labels\val\belgi10_178.txt,640,640,118.23101318359375,76.98003742346192,1,True
val,C:\Users\Ansagan\Documents\Ansagan\Ansagan\dataset\images\val\belgi10_2.jpg,C:\Users\Ansagan\Documents\Ansagan\Ansagan\dataset\labels\val\belgi10_2.txt,640,640,118.52053466796875,77.1802703990747,1,True
val,C:\Users\Ansagan\Documents\Ansagan\Ansagan\dataset\images\val\belgi10_20.jpg,C:\Users\Ansagan\Documents\Ansagan\Ansagan\dataset\labels\val\belgi10_20.txt,640,640,127.56624755859374,71.65169922539158,1,True
val,C:\Users\Ansagan\Documents\Ansagan\Ansagan\dataset\images\val\belgi10_202.jpg,C:\Users\Ansagan\Documents\Ansagan\Ansagan\dataset\labels\val\belgi10_202.txt,640,640,123.42792724609374,79.02833118405636,1,True
val,C:\Users\Ansagan\Documents\Ansagan\Ansagan\dataset\images\val\belgi10_21.jpg,C:\Users\Ansagan\Documents\Ansagan\Ansagan\dataset\labels\val\belgi10_21.txt,640,640,122.76590087890625,78.74253805696311,1,True
val,C:\Users\Ansagan\Documents\Ansagan\Ansagan\dataset\images\val\belgi10_213.jpg,C:\Users\Ansagan\Documents\Ansagan\Ansagan\dataset\labels\val\belgi10_213.txt,640,640,114.76133056640624,79.2777816439748,1,True
val,C:\Users\Ansagan\Documents\Ansagan\Ansagan\dataset\images\val\belgi10_219.jpg,C:\Users\Ansagan\Documents\Ansagan\Ansagan\dataset\labels\val\belgi10_219.txt,640,640,117.582216796875,76.08297253096984,1,True
val,C:\Users\Ansagan\Documents\Ansagan\Ansagan\dataset\images\val\belgi10_222.jpg,C:\Users\Ansagan\Documents\Ansagan\Ansagan\dataset\labels\val\belgi10_222.txt,640,640,129.44404052734376,76.12696662319048,1,True
val,C:\Users\Ansagan\Documents\Ansagan\Ansagan\dataset\images\val\belgi10_23.jpg,C:\Users\Ansagan\Documents\Ansagan\Ansagan\dataset\labels\val\belgi10_23.txt,640,640,122.6605908203125,78.83910132725025,1,True
val,C:\Users\Ansagan\Documents\Ansagan\Ansagan\dataset\images\val\belgi10_230.jpg,C:\Users\Ansagan\Documents\Ansagan\Ansagan\dataset\labels\val\belgi10_230.txt,640,640,112.50147705078125,76.90125969667537,1,True
val,C:\Users\Ansagan\Documents\Ansagan\Ansagan\dataset\images\val\belgi10_233.jpg,C:\Users\Ansagan\Documents\Ansagan\Ansagan\dataset\labels\val\belgi10_233.txt,640,640,149.2776171875,70.2516530401177,1,True
val,C:\Users\Ansagan\Documents\Ansagan\Ansagan\dataset\images\val\belgi10_236.jpg,C:\Users\Ansagan\Documents\Ansagan\Ansagan\dataset\labels\val\belgi10_236.txt,640,640,137.85357177734375,72.71919351287065,1,True
val,C:\Users\Ansagan\Documents\Ansagan\Ansagan\dataset\images\val\belgi10_24.jpg,C:\Users\Ansagan\Documents\Ansagan\Ansagan\dataset\labels\val\belgi10_24.txt,640,640,122.54951416015625,78.82484584673799,1,True
val,C:\Users\Ansagan\Documents\Ansagan\Ansagan\dataset\images\val\belgi10_245.jpg,C:\Users\Ansagan\Documents\Ansagan\Ansagan\dataset\labels\val\belgi10_245.txt,640,640,134.420546875,79.35293052991366,1,True
val,C:\Users\Ansagan\Documents\Ansagan\Ansagan\dataset\images\val\belgi10_250.jpg,C:\Users\Ansagan\Documents\Ansagan\Ansagan\dataset\labels\val\belgi10_250.txt,640,640,135.843408203125,85.00110796328312,1,True
val,C:\Users\Ansagan\Documents\Ansagan\Ansagan\dataset\images\val\belgi10_252.jpg,C:\Users\Ansagan\Documents\Ansagan\Ansagan\dataset\labels\val\belgi10_252.txt,640,640,125.72690185546875,84.75233118637237,1,True
val,C:\Users\Ansagan\Documents\Ansagan\Ansagan\dataset\images\val\belgi10_256.jpg,C:\Users\Ansagan\Documents\Ansagan\Ansagan\dataset\labels\val\belgi10_256.txt,640,640,131.85189208984374,75.70705062760365,1,True
val,C:\Users\Ansagan\Documents\Ansagan\Ansagan\dataset\images\val\belgi10_257.jpg,C:\Users\Ansagan\Documents\Ansagan\Ansagan\dataset\labels\val\belgi10_257.txt,640,640,131.8521826171875,75.70684537182983,1,True
val,C:\Users\Ansagan\Documents\Ansagan\Ansagan\dataset\images\val\belgi10_28.jpg,C:\Users\Ansagan\Documents\Ansagan\Ansagan\dataset\labels\val\belgi10_28.txt,640,640,122.82480712890624,77.194309279212,1,True
val,C:\Users\Ansagan\Documents\Ansagan\Ansagan\dataset\images\val\belgi10_3.jpg,C:\Users\Ansagan\Documents\Ansagan\Ansagan\dataset\labels\val\belgi10_3.txt,640,640,118.41958984375,77.27051753359683,1,True
val,C:\Users\Ansagan\Documents\Ansagan\Ansagan\dataset\images\val\belgi10_39.jpg,C:\Users\Ansagan\Documents\Ansagan\Ansagan\dataset\labels\val\belgi10_39.txt,640,640,113.4753955078125,79.76203450593029,1,True
val,C:\Users\Ansagan\Documents\Ansagan\Ansagan\dataset\images\val\belgi10_4.jpg,C:\Users\Ansagan\Documents\Ansagan\Ansagan\dataset\labels\val\belgi10_4.txt,640,640,118.30294921875,77.25145341531557,1,True
val,C:\Users\Ansagan\Documents\Ansagan\Ansagan\dataset\images\val\belgi10_40.jpg,C:\Users\Ansagan\Documents\Ansagan\Ansagan\dataset\labels\val\belgi10_40.txt,640,640,141.30960693359376,79.70516881625143,1,True
val,C:\Users\Ansagan\Documents\Ansagan\Ansagan\dataset\images\val\belgi10_43.jpg,C:\Users\Ansagan\Documents\Ansagan\Ansagan\dataset\labels\val\belgi10_43.txt,640,640,118.968427734375,81.26394077679753,1,True
val,C:\Users\Ansagan\Documents\Ansagan\Ansagan\dataset\images\val\belgi10_46.jpg,C:\Users\Ansagan\Documents\Ansagan\Ansagan\dataset\labels\val\belgi10_46.txt,640,640,118.021669921875,81.35777301899185,1,True
val,C:\Users\Ansagan\Documents\Ansagan\Ansagan\dataset\images\val\belgi10_5.jpg,C:\Users\Ansagan\Documents\Ansagan\Ansagan\dataset\labels\val\belgi10_5.txt,640,640,136.47915771484375,77.18029850118462,1,True
val,C:\Users\Ansagan\Documents\Ansagan\Ansagan\dataset\images\val\belgi10_69.jpg,C:\Users\Ansagan\Documents\Ansagan\Ansagan\dataset\labels\val\belgi10_69.txt,640,640,117.29992431640625,74.29638721576295,1,True
val,C:\Users\Ansagan\Documents\Ansagan\Ansagan\dataset\images\val\belgi10_72.jpg,C:\Users\Ansagan\Documents\Ansagan\Ansagan\dataset\labels\val\belgi10_72.txt,640,640,112.91865966796875,77.60036905706927,1,True
val,C:\Users\Ansagan\Documents\Ansagan\Ansagan\dataset\images\val\belgi10_73.jpg,C:\Users\Ansagan\Documents\Ansagan\Ansagan\dataset\labels\val\belgi10_73.txt,640,640,112.82097900390625,77.68206188741783,1,True
val,C:\Users\Ansagan\Documents\Ansagan\Ansagan\dataset\images\val\belgi10_76.jpg,C:\Users\Ansagan\Documents\Ansagan\Ansagan\dataset\labels\val\belgi10_76.txt,640,640,108.47887451171874,79.89529319068956,1,True
val,C:\Users\Ansagan\Documents\Ansagan\Ansagan\dataset\images\val\belgi10_78.jpg,C:\Users\Ansagan\Documents\Ansagan\Ansagan\dataset\labels\val\belgi10_78.txt,640,640,108.38656005859374,79.96605406219649,1,True
val,C:\Users\Ansagan\Documents\Ansagan\Ansagan\dataset\images\val\belgi10_81.jpg,C:\Users\Ansagan\Documents\Ansagan\Ansagan\dataset\labels\val\belgi10_81.txt,640,640,114.837001953125,80.37391626040846,1,True
val,C:\Users\Ansagan\Documents\Ansagan\Ansagan\dataset\images\val\belgi10_87.jpg,C:\Users\Ansagan\Documents\Ansagan\Ansagan\dataset\labels\val\belgi10_87.txt,640,640,125.64731689453124,82.02495851991345,1,True
val,C:\Users\Ansagan\Documents\Ansagan\Ansagan\dataset\images\val\belgi10_89.jpg,C:\Users\Ansagan\Documents\Ansagan\Ansagan\dataset\labels\val\belgi10_89.txt,640,640,125.40123046875,82.11808431123369,1,True
val,C:\Users\Ansagan\Documents\Ansagan\Ansagan\dataset\images\val\belgi10_92.jpg,C:\Users\Ansagan\Documents\Ansagan\Ansagan\dataset\labels\val\belgi10_92.txt,640,640,132.0145263671875,78.23000795381148,1,True
val,C:\Users\Ansagan\Documents\Ansagan\Ansagan\dataset\images\val\belgi11_101.jpg,C:\Users\Ansagan\Documents\Ansagan\Ansagan\dataset\labels\val\belgi11_101.txt,640,640,124.2049072265625,81.13948138721565,1,True
val,C:\Users\Ansagan\Documents\Ansagan\Ansagan\dataset\images\val\belgi11_115.jpg,C:\Users\Ansagan\Documents\Ansagan\Ansagan\dataset\labels\val\belgi11_115.txt,640,640,122.63409423828125,71.37514460077917,1,True
val,C:\Users\Ansagan\Documents\Ansagan\Ansagan\dataset\images\val\belgi11_121.jpg,C:\Users\Ansagan\Documents\Ansagan\Ansagan\dataset\labels\val\belgi11_121.txt,640,640,121.59106201171875,72.17152206624479,1,True
val,C:\Users\Ansagan\Documents\Ansagan\Ansagan\dataset\images\val\belgi11_123.jpg,C:\Users\Ansagan\Documents\Ansagan\Ansagan\dataset\labels\val\belgi11_123.txt,640,640,121.4966064453125,72.26682470765915,1,True
val,C:\Users\Ansagan\Documents\Ansagan\Ansagan\dataset\images\val\belgi11_124.jpg,C:\Users\Ansagan\Documents\Ansagan\Ansagan\dataset\labels\val\belgi11_124.txt,640,640,121.385986328125,72.26096142995236,1,True
val,C:\Users\Ansagan\Documents\Ansagan\Ansagan\dataset\images\val\belgi11_126.jpg,C:\Users\Ansagan\Documents\Ansagan\Ansagan\dataset\labels\val\belgi11_126.txt,640,640,124.86047607421875,73.59802205864794,1,True
val,C:\Users\Ansagan\Documents\Ansagan\Ansagan\dataset\images\val\belgi11_13.jpg,C:\Users\Ansagan\Documents\Ansagan\Ansagan\dataset\labels\val\belgi11_13.txt,640,640,129.88516845703126,76.15667219919094,1,True
val,C:\Users\Ansagan\Documents\Ansagan\Ansagan\dataset\images\val\belgi11_134.jpg,C:\Users\Ansagan\Documents\Ansagan\Ansagan\dataset\labels\val\belgi11_134.txt,640,640,127.18718505859376,72.53996755517736,1,True
val,C:\Users\Ansagan\Documents\Ansagan\Ansagan\dataset\images\val\belgi11_135.jpg,C:\Users\Ansagan\Documents\Ansagan\Ansagan\dataset\labels\val\belgi11_135.txt,640,640,127.60442138671876,72.43435800914807,1,True
val,C:\Users\Ansagan\Documents\Ansagan\Ansagan\dataset\images\val\belgi11_137.jpg,C:\Users\Ansagan\Documents\Ansagan\Ansagan\dataset\labels\val\belgi11_137.txt,640,640,125.59206298828126,75.17963955815223,1,True
val,C:\Users\Ansagan\Documents\Ansagan\Ansagan\dataset\images\val\belgi11_14.jpg,C:\Users\Ansagan\Documents\Ansagan\Ansagan\dataset\labels\val\belgi11_14.txt,640,640,129.76951904296874,76.14457665402976,1,True
val,C:\Users\Ansagan\Documents\Ansagan\Ansagan\dataset\images\val\belgi11_143.jpg,C:\Users\Ansagan\Documents\Ansagan\Ansagan\dataset\labels\val\belgi11_143.txt,640,640,122.18464111328124,77.78215533411893,1,True
val,C:\Users\Ansagan\Documents\Ansagan\Ansagan\dataset\images\val\belgi11_148.jpg,C:\Users\Ansagan\Documents\Ansagan\Ansagan\dataset\labels\val\belgi11_148.txt,640,640,124.50537841796876,81.18909300892382,1,True
val,C:\Users\Ansagan\Documents\Ansagan\Ansagan\dataset\images\val\belgi11_15.jpg,C:\Users\Ansagan\Documents\Ansagan\Ansagan\dataset\labels\val\belgi11_15.txt,640,640,125.00369873046876,76.04382502032453,1,True
val,C:\Users\Ansagan\Documents\Ansagan\Ansagan\dataset\images\val\belgi11_152.jpg,C:\Users\Ansagan\Documents\Ansagan\Ansagan\dataset\labels\val\belgi11_152.txt,640,640,113.876171875,77.27166245113823,1,True
val,C:\Users\Ansagan\Documents\Ansagan\Ansagan\dataset\images\val\belgi11_161.jpg,C:\Users\Ansagan\Documents\Ansagan\Ansagan\dataset\labels\val\belgi11_161.txt,640,640,124.35091064453125,77.8466484989581,1,True
val,C:\Users\Ansagan\Documents\Ansagan\Ansagan\dataset\images\val\belgi11_162.jpg,C:\Users\Ansagan\Documents\Ansagan\Ansagan\dataset\labels\val\belgi11_162.txt,640,640,124.35075439453125,77.8466822270356,1,True
val,C:\Users\Ansagan\Documents\Ansagan\Ansagan\dataset\images\val\belgi11_169.jpg,C:\Users\Ansagan\Documents\Ansagan\Ansagan\dataset\labels\val\belgi11_169.txt,640,640,129.88726806640625,75.01302142174879,1,True
val,C:\Users\Ansagan\Documents\Ansagan\Ansagan\dataset\images\val\belgi11_17.jpg,C:\Users\Ansagan\Documents\Ansagan\Ansagan\dataset\labels\val\belgi11_17.txt,640,640,126.82019775390626,78.7277288867399,1,True
val,C:\Users\Ansagan\Documents\Ansagan\Ansagan\dataset\images\val\belgi11_171.jpg,C:\Users\Ansagan\Documents\Ansagan\Ansagan\dataset\labels\val\belgi11_171.txt,640,640,131.8214208984375,74.42340838051719,1,True
val,C:\Users\Ansagan\Documents\Ansagan\Ansagan\dataset\images\val\belgi11_175.jpg,C:\Users\Ansagan\Documents\Ansagan\Ansagan\dataset\labels\val\belgi11_175.txt,640,640,123.1784912109375,74.42297777151762,1,True
val,C:\Users\Ansagan\Documents\Ansagan\Ansagan\dataset\images\val\belgi11_177.jpg,C:\Users\Ansagan\Documents\Ansagan\Ansagan\dataset\labels\val\belgi11_177.txt,640,640,136.80664306640625,72.63873574730859,1,True
val,C:\Users\Ansagan\Documents\Ansagan\Ansagan\dataset\images\val\belgi11_191.jpg,C:\Users\Ansagan\Documents\Ansagan\Ansagan\dataset\labels\val\belgi11_191.txt,640,640,110.3422998046875,77.06855159090686,1,True
val,C:\Users\Ansagan\Documents\Ansagan\Ansagan\dataset\images\val\belgi11_20.jpg,C:\Users\Ansagan\Documents\Ansagan\Ansagan\dataset\labels\val\belgi11_20.txt,640,640,128.17960693359376,78.72784742142467,1,True
val,C:\Users\Ansagan\Documents\Ansagan\Ansagan\dataset\images\val\belgi11_203.jpg,C:\Users\Ansagan\Documents\Ansagan\Ansagan\dataset\labels\val\belgi11_203.txt,640,640,119.39993408203125,72.71854041181355,1,True
val,C:\Users\Ansagan\Documents\Ansagan\Ansagan\dataset\images\val\belgi11_208.jpg,C:\Users\Ansagan\Documents\Ansagan\Ansagan\dataset\labels\val\belgi11_208.txt,640,640,123.9455859375,70.91716664152175,1,True
val,C:\Users\Ansagan\Documents\Ansagan\Ansagan\dataset\images\val\belgi11_209.jpg,C:\Users\Ansagan\Documents\Ansagan\Ansagan\dataset\labels\val\belgi11_209.txt,640,640,123.8401123046875,70.9129303016859,1,True
val,C:\Users\Ansagan\Documents\Ansagan\Ansagan\dataset\images\val\belgi11_21.jpg,C:\Users\Ansagan\Documents\Ansagan\Ansagan\dataset\labels\val\belgi11_21.txt,640,640,134.46794677734374,78.86146388612623,1,True
val,C:\Users\Ansagan\Documents\Ansagan\Ansagan\dataset\images\val\belgi11_210.jpg,C:\Users\Ansagan\Documents\Ansagan\Ansagan\dataset\labels\val\belgi11_210.txt,640,640,130.95573974609374,70.81426773027067,1,True
val,C:\Users\Ansagan\Documents\Ansagan\Ansagan\dataset\images\val\belgi11_212.jpg,C:\Users\Ansagan\Documents\Ansagan\Ansagan\dataset\labels\val\belgi11_212.txt,640,640,128.746689453125,75.51037677537458,1,True
val,C:\Users\Ansagan\Documents\Ansagan\Ansagan\dataset\images\val\belgi11_214.jpg,C:\Users\Ansagan\Documents\Ansagan\Ansagan\dataset\labels\val\belgi11_214.txt,640,640,128.55088623046876,75.61589284294207,1,True
val,C:\Users\Ansagan\Documents\Ansagan\Ansagan\dataset\images\val\belgi11_215.jpg,C:\Users\Ansagan\Documents\Ansagan\Ansagan\dataset\labels\val\belgi11_215.txt,640,640,126.25329345703125,75.51042230773572,1,True
val,C:\Users\Ansagan\Documents\Ansagan\Ansagan\dataset\images\val\belgi11_219.jpg,C:\Users\Ansagan\Documents\Ansagan\Ansagan\dataset\labels\val\belgi11_219.txt,640,640,116.45958984375,80.07384032944348,1,True
val,C:\Users\Ansagan\Documents\Ansagan\Ansagan\dataset\images\val\belgi11_225.jpg,C:\Users\Ansagan\Documents\Ansagan\Ansagan\dataset\labels\val\belgi11_225.txt,640,640,129.89455322265624,68.6654691026751,1,True
val,C:\Users\Ansagan\Documents\Ansagan\Ansagan\dataset\images\val\belgi11_226.jpg,C:\Users\Ansagan\Documents\Ansagan\Ansagan\dataset\labels\val\belgi11_226.txt,640,640,119.1183984375,78.39628726419382,1,True
val,C:\Users\Ansagan\Documents\Ansagan\Ansagan\dataset\images\val\belgi11_227.jpg,C:\Users\Ansagan\Documents\Ansagan\Ansagan\dataset\labels\val\belgi11_227.txt,640,640,119.1183837890625,78.39577739897364,1,True
val,C:\Users\Ansagan\Documents\Ansagan\Ansagan\dataset\images\val\belgi11_229.jpg,C:\Users\Ansagan\Documents\Ansagan\Ansagan\dataset\labels\val\belgi11_229.txt,640,640,118.8738330078125,78.4770812411641,1,True
val,C:\Users\Ansagan\Documents\Ansagan\Ansagan\dataset\images\val\belgi11_238.jpg,C:\Users\Ansagan\Documents\Ansagan\Ansagan\dataset\labels\val\belgi11_238.txt,640,640,128.1827490234375,75.25047307174218,1,True
val,C:\Users\Ansagan\Documents\Ansagan\Ansagan\dataset\images\val\belgi11_24.jpg,C:\Users\Ansagan\Documents\Ansagan\Ansagan\dataset\labels\val\belgi11_24.txt,640,640,134.2049609375,78.99752933734526,1,True
val,C:\Users\Ansagan\Documents\Ansagan\Ansagan\dataset\images\val\belgi11_243.jpg,C:\Users\Ansagan\Documents\Ansagan\Ansagan\dataset\labels\val\belgi11_243.txt,640,640,118.72743408203125,81.49963931397882,1,True
val,C:\Users\Ansagan\Documents\Ansagan\Ansagan\dataset\images\val\belgi11_27.jpg,C:\Users\Ansagan\Documents\Ansagan\Ansagan\dataset\labels\val\belgi11_27.txt,640,640,121.63204345703124,79.07768648042106,1,True
val,C:\Users\Ansagan\Documents\Ansagan\Ansagan\dataset\images\val\belgi11_28.jpg,C:\Users\Ansagan\Documents\Ansagan\Ansagan\dataset\labels\val\belgi11_28.txt,640,640,121.53227783203126,79.1686945417584,1,True
val,C:\Users\Ansagan\Documents\Ansagan\Ansagan\dataset\images\val\belgi11_32.jpg,C:\Users\Ansagan\Documents\Ansagan\Ansagan\dataset\labels\val\belgi11_32.txt,640,640,121.241845703125,85.66175526653292,1,True
val,C:\Users\Ansagan\Documents\Ansagan\Ansagan\dataset\images\val\belgi11_33.jpg,C:\Users\Ansagan\Documents\Ansagan\Ansagan\dataset\labels\val\belgi11_33.txt,640,640,121.134560546875,85.74836923275225,1,True
val,C:\Users\Ansagan\Documents\Ansagan\Ansagan\dataset\images\val\belgi11_37.jpg,C:\Users\Ansagan\Documents\Ansagan\Ansagan\dataset\labels\val\belgi11_37.txt,640,640,125.449326171875,83.01068049771905,1,True
val,C:\Users\Ansagan\Documents\Ansagan\Ansagan\dataset\images\val\belgi11_38.jpg,C:\Users\Ansagan\Documents\Ansagan\Ansagan\dataset\labels\val\belgi11_38.txt,640,640,125.33754150390625,83.10611571097023,1,True
val,C:\Users\Ansagan\Documents\Ansagan\Ansagan\dataset\images\val\belgi11_41.jpg,C:\Users\Ansagan\Documents\Ansagan\Ansagan\dataset\labels\val\belgi11_41.txt,640,640,130.92563720703126,75.0631604815812,1,True
val,C:\Users\Ansagan\Documents\Ansagan\Ansagan\dataset\images\val\belgi11_49.jpg,C:\Users\Ansagan\Documents\Ansagan\Ansagan\dataset\labels\val\belgi11_49.txt,640,640,133.5351904296875,73.00535442232282,1,True
val,C:\Users\Ansagan\Documents\Ansagan\Ansagan\dataset\images\val\belgi11_55.jpg,C:\Users\Ansagan\Documents\Ansagan\Ansagan\dataset\labels\val\belgi11_55.txt,640,640,117.17562744140625,72.19067753573333,1,True
val,C:\Users\Ansagan\Documents\Ansagan\Ansagan\dataset\images\val\belgi11_57.jpg,C:\Users\Ansagan\Documents\Ansagan\Ansagan\dataset\labels\val\belgi11_57.txt,640,640,145.28196533203126,69.45402484614463,1,True
val,C:\Users\Ansagan\Documents\Ansagan\Ansagan\dataset\images\val\belgi11_59.jpg,C:\Users\Ansagan\Documents\Ansagan\Ansagan\dataset\labels\val\belgi11_59.txt,640,640,145.024140625,69.64668113842477,1,True
val,C:\Users\Ansagan\Documents\Ansagan\Ansagan\dataset\images\val\belgi11_66.jpg,C:\Users\Ansagan\Documents\Ansagan\Ansagan\dataset\labels\val\belgi11_66.txt,640,640,125.0422412109375,79.86008099776234,1,True
val,C:\Users\Ansagan\Documents\Ansagan\Ansagan\dataset\images\val\belgi11_69.jpg,C:\Users\Ansagan\Documents\Ansagan\Ansagan\dataset\labels\val\belgi11_69.txt,640,640,124.85145263671875,79.97333553180839,1,True
val,C:\Users\Ansagan\Documents\Ansagan\Ansagan\dataset\images\val\belgi11_70.jpg,C:\Users\Ansagan\Documents\Ansagan\Ansagan\dataset\labels\val\belgi11_70.txt,640,640,129.957705078125,79.85980610458216,1,True
val,C:\Users\Ansagan\Documents\Ansagan\Ansagan\dataset\images\val\belgi11_72.jpg,C:\Users\Ansagan\Documents\Ansagan\Ansagan\dataset\labels\val\belgi11_72.txt,640,640,128.2066796875,69.464092626091,1,True
val,C:\Users\Ansagan\Documents\Ansagan\Ansagan\dataset\images\val\belgi11_81.jpg,C:\Users\Ansagan\Documents\Ansagan\Ansagan\dataset\labels\val\belgi11_81.txt,640,640,120.44887939453125,74.5887583358386,1,True
val,C:\Users\Ansagan\Documents\Ansagan\Ansagan\dataset\images\val\belgi11_82.jpg,C:\Users\Ansagan\Documents\Ansagan\Ansagan\dataset\labels\val\belgi11_82.txt,640,640,120.4492333984375,74.58848798534306,1,True
val,C:\Users\Ansagan\Documents\Ansagan\Ansagan\dataset\images\val\belgi11_9.jpg,C:\Users\Ansagan\Documents\Ansagan\Ansagan\dataset\labels\val\belgi11_9.txt,640,640,133.54023193359376,74.0012790716693,1,True
val,C:\Users\Ansagan\Documents\Ansagan\Ansagan\dataset\images\val\belgi11_97.jpg,C:\Users\Ansagan\Documents\Ansagan\Ansagan\dataset\labels\val\belgi11_97.txt,640,640,120.37119873046875,82.66027440036663,1,True
val,C:\Users\Ansagan\Documents\Ansagan\Ansagan\dataset\images\val\belgi12_102.jpg,C:\Users\Ansagan\Documents\Ansagan\Ansagan\dataset\labels\val\belgi12_102.txt,640,640,127.00697265625,75.98993213160833,1,True
val,C:\Users\Ansagan\Documents\Ansagan\Ansagan\dataset\images\val\belgi12_109.jpg,C:\Users\Ansagan\Documents\Ansagan\Ansagan\dataset\labels\val\belgi12_109.txt,640,640,122.20856201171875,80.9081062723549,1,True
val,C:\Users\Ansagan\Documents\Ansagan\Ansagan\dataset\images\val\belgi12_118.jpg,C:\Users\Ansagan\Documents\Ansagan\Ansagan\dataset\labels\val\belgi12_118.txt,640,640,123.13349365234374,77.5896773514078,1,True
val,C:\Users\Ansagan\Documents\Ansagan\Ansagan\dataset\images\val\belgi12_119.jpg,C:\Users\Ansagan\Documents\Ansagan\Ansagan\dataset\labels\val\belgi12_119.txt,640,640,122.95734619140624,77.57837908750103,1,True
val,C:\Users\Ansagan\Documents\Ansagan\Ansagan\dataset\images\val\belgi12_123.jpg,C:\Users\Ansagan\Documents\Ansagan\Ansagan\dataset\labels\val\belgi12_123.txt,640,640,117.50102783203126,75.04632214634879,1,True
val,C:\Users\Ansagan\Documents\Ansagan\Ansagan\dataset\images\val\belgi12_127.jpg,C:\Users\Ansagan\Documents\Ansagan\Ansagan\dataset\labels\val\belgi12_127.txt,640,640,123.31241943359375,76.01493472872522,1,True
val,C:\Users\Ansagan\Documents\Ansagan\Ansagan\dataset\images\val\belgi12_139.jpg,C:\Users\Ansagan\Documents\Ansagan\Ansagan\dataset\labels\val\belgi12_139.txt,640,640,134.17774658203126,70.81552554078392,1,True
val,C:\Users\Ansagan\Documents\Ansagan\Ansagan\dataset\images\val\belgi12_147.jpg,C:\Users\Ansagan\Documents\Ansagan\Ansagan\dataset\labels\val\belgi12_147.txt,640,640,126.23625244140625,75.8790599312713,1,True
val,C:\Users\Ansagan\Documents\Ansagan\Ansagan\dataset\images\val\belgi12_148.jpg,C:\Users\Ansagan\Documents\Ansagan\Ansagan\dataset\labels\val\belgi12_148.txt,640,640,126.12292724609375,75.98551381218873,1,True
val,C:\Users\Ansagan\Documents\Ansagan\Ansagan\dataset\images\val\belgi12_158.jpg,C:\Users\Ansagan\Documents\Ansagan\Ansagan\dataset\labels\val\belgi12_158.txt,640,640,125.3411767578125,81.61727922653269,1,True
val,C:\Users\Ansagan\Documents\Ansagan\Ansagan\dataset\images\val\belgi12_159.jpg,C:\Users\Ansagan\Documents\Ansagan\Ansagan\dataset\labels\val\belgi12_159.txt,640,640,125.225283203125,81.59619711847567,1,True
val,C:\Users\Ansagan\Documents\Ansagan\Ansagan\dataset\images\val\belgi12_160.jpg,C:\Users\Ansagan\Documents\Ansagan\Ansagan\dataset\labels\val\belgi12_160.txt,640,640,129.5424609375,81.51831480250718,1,True
val,C:\Users\Ansagan\Documents\Ansagan\Ansagan\dataset\images\val\belgi12_161.jpg,C:\Users\Ansagan\Documents\Ansagan\Ansagan\dataset\labels\val\belgi12_161.txt,640,640,126.2273193359375,77.48257434350043,1,True
val,C:\Users\Ansagan\Documents\Ansagan\Ansagan\dataset\images\val\belgi12_166.jpg,C:\Users\Ansagan\Documents\Ansagan\Ansagan\dataset\labels\val\belgi12_166.txt,640,640,125.452353515625,75.6586342775894,1,True
val,C:\Users\Ansagan\Documents\Ansagan\Ansagan\dataset\images\val\belgi12_167.jpg,C:\Users\Ansagan\Documents\Ansagan\Ansagan\dataset\labels\val\belgi12_167.txt,640,640,125.4522412109375,75.65877570492653,1,True
val,C:\Users\Ansagan\Documents\Ansagan\Ansagan\dataset\images\val\belgi12_169.jpg,C:\Users\Ansagan\Documents\Ansagan\Ansagan\dataset\labels\val\belgi12_169.txt,640,640,125.1876953125,75.78394524821024,1,True
val,C:\Users\Ansagan\Documents\Ansagan\Ansagan\dataset\images\val\belgi12_173.jpg,C:\Users\Ansagan\Documents\Ansagan\Ansagan\dataset\labels\val\belgi12_173.txt,640,640,123.31750732421875,80.33381193481344,1,True
val,C:\Users\Ansagan\Documents\Ansagan\Ansagan\dataset\images\val\belgi12_182.jpg,C:\Users\Ansagan\Documents\Ansagan\Ansagan\dataset\labels\val\belgi12_182.txt,640,640,136.20590576171875,69.9900327570778,1,True
val,C:\Users\Ansagan\Documents\Ansagan\Ansagan\dataset\images\val\belgi12_184.jpg,C:\Users\Ansagan\Documents\Ansagan\Ansagan\dataset\labels\val\belgi12_184.txt,640,640,135.97352783203124,70.12432945803593,1,True
val,C:\Users\Ansagan\Documents\Ansagan\Ansagan\dataset\images\val\belgi12_188.jpg,C:\Users\Ansagan\Documents\Ansagan\Ansagan\dataset\labels\val\belgi12_188.txt,640,640,137.51023193359376,70.43773366611444,1,True
val,C:\Users\Ansagan\Documents\Ansagan\Ansagan\dataset\images\val\belgi12_191.jpg,C:\Users\Ansagan\Documents\Ansagan\Ansagan\dataset\labels\val\belgi12_191.txt,640,640,124.77233154296874,76.49505109722224,1,True
val,C:\Users\Ansagan\Documents\Ansagan\Ansagan\dataset\images\val\belgi12_193.jpg,C:\Users\Ansagan\Documents\Ansagan\Ansagan\dataset\labels\val\belgi12_193.txt,640,640,124.654521484375,76.60197964933285,1,True
val,C:\Users\Ansagan\Documents\Ansagan\Ansagan\dataset\images\val\belgi12_194.jpg,C:\Users\Ansagan\Documents\Ansagan\Ansagan\dataset\labels\val\belgi12_194.txt,640,640,124.5055810546875,76.57329935382145,1,True
val,C:\Users\Ansagan\Documents\Ansagan\Ansagan\dataset\images\val\belgi12_20.jpg,C:\Users\Ansagan\Documents\Ansagan\Ansagan\dataset\labels\val\belgi12_20.txt,640,640,129.88587646484376,74.57469279459734,1,True
val,C:\Users\Ansagan\Documents\Ansagan\Ansagan\dataset\images\val\belgi12_203.jpg,C:\Users\Ansagan\Documents\Ansagan\Ansagan\dataset\labels\val\belgi12_203.txt,640,640,117.20350830078125,76.17689946823886,1,True
val,C:\Users\Ansagan\Documents\Ansagan\Ansagan\dataset\images\val\belgi12_207.jpg,C:\Users\Ansagan\Documents\Ansagan\Ansagan\dataset\labels\val\belgi12_207.txt,640,640,131.6124609375,64.91082328464692,1,True
val,C:\Users\Ansagan\Documents\Ansagan\Ansagan\dataset\images\val\belgi12_215.jpg,C:\Users\Ansagan\Documents\Ansagan\Ansagan\dataset\labels\val\belgi12_215.txt,640,640,128.53869384765625,64.3653328743691,1,True
val,C:\Users\Ansagan\Documents\Ansagan\Ansagan\dataset\images\val\belgi12_222.jpg,C:\Users\Ansagan\Documents\Ansagan\Ansagan\dataset\labels\val\belgi12_222.txt,640,640,126.57911865234375,73.25217100294776,1,True
val,C:\Users\Ansagan\Documents\Ansagan\Ansagan\dataset\images\val\belgi12_229.jpg,C:\Users\Ansagan\Documents\Ansagan\Ansagan\dataset\labels\val\belgi12_229.txt,640,640,121.91166259765625,75.7961018418065,1,True
val,C:\Users\Ansagan\Documents\Ansagan\Ansagan\dataset\images\val\belgi12_231.jpg,C:\Users\Ansagan\Documents\Ansagan\Ansagan\dataset\labels\val\belgi12_231.txt,640,640,116.716005859375,75.73153196169737,1,True
val,C:\Users\Ansagan\Documents\Ansagan\Ansagan\dataset\images\val\belgi12_233.jpg,C:\Users\Ansagan\Documents\Ansagan\Ansagan\dataset\labels\val\belgi12_233.txt,640,640,116.6149755859375,75.81970369957403,1,True
val,C:\Users\Ansagan\Documents\Ansagan\Ansagan\dataset\images\val\belgi12_236.jpg,C:\Users\Ansagan\Documents\Ansagan\Ansagan\dataset\labels\val\belgi12_236.txt,640,640,115.63051025390625,75.22673911979079,1,True
val,C:\Users\Ansagan\Documents\Ansagan\Ansagan\dataset\images\val\belgi12_241.jpg,C:\Users\Ansagan\Documents\Ansagan\Ansagan\dataset\labels\val\belgi12_241.txt,640,640,116.018076171875,73.50651571094188,1,True
val,C:\Users\Ansagan\Documents\Ansagan\Ansagan\dataset\images\val\belgi12_244.jpg,C:\Users\Ansagan\Documents\Ansagan\Ansagan\dataset\labels\val\belgi12_244.txt,640,640,115.79382080078125,73.57700700202538,1,True
val,C:\Users\Ansagan\Documents\Ansagan\Ansagan\dataset\images\val\belgi12_30.jpg,C:\Users\Ansagan\Documents\Ansagan\Ansagan\dataset\labels\val\belgi12_30.txt,640,640,138.51928955078125,74.72388580858939,1,True
val,C:\Users\Ansagan\Documents\Ansagan\Ansagan\dataset\images\val\belgi12_34.jpg,C:\Users\Ansagan\Documents\Ansagan\Ansagan\dataset\labels\val\belgi12_34.txt,640,640,121.5387158203125,77.5680623830872,1,True
val,C:\Users\Ansagan\Documents\Ansagan\Ansagan\dataset\images\val\belgi12_37.jpg,C:\Users\Ansagan\Documents\Ansagan\Ansagan\dataset\labels\val\belgi12_37.txt,640,640,118.61187255859375,75.14849462428545,1,True
val,C:\Users\Ansagan\Documents\Ansagan\Ansagan\dataset\images\val\belgi12_39.jpg,C:\Users\Ansagan\Documents\Ansagan\Ansagan\dataset\labels\val\belgi12_39.txt,640,640,118.38447021484374,75.2116477064577,1,True
val,C:\Users\Ansagan\Documents\Ansagan\Ansagan\dataset\images\val\belgi12_41.jpg,C:\Users\Ansagan\Documents\Ansagan\Ansagan\dataset\labels\val\belgi12_41.txt,640,640,120.0019580078125,73.46634231535865,1,True
val,C:\Users\Ansagan\Documents\Ansagan\Ansagan\dataset\images\val\belgi12_5.jpg,C:\Users\Ansagan\Documents\Ansagan\Ansagan\dataset\labels\val\belgi12_5.txt,640,640,133.27604736328124,74.92529385774628,1,True
val,C:\Users\Ansagan\Documents\Ansagan\Ansagan\dataset\images\val\belgi12_50.jpg,C:\Users\Ansagan\Documents\Ansagan\Ansagan\dataset\labels\val\belgi12_50.txt,640,640,141.01395751953126,77.9540018492235,1,True
val,C:\Users\Ansagan\Documents\Ansagan\Ansagan\dataset\images\val\belgi12_52.jpg,C:\Users\Ansagan\Documents\Ansagan\Ansagan\dataset\labels\val\belgi12_52.txt,640,640,115.44230712890625,76.25520478297572,1,True
val,C:\Users\Ansagan\Documents\Ansagan\Ansagan\dataset\images\val\belgi12_59.jpg,C:\Users\Ansagan\Documents\Ansagan\Ansagan\dataset\labels\val\belgi12_59.txt,640,640,121.17571533203125,75.02509782280399,1,True
val,C:\Users\Ansagan\Documents\Ansagan\Ansagan\dataset\images\val\belgi12_61.jpg,C:\Users\Ansagan\Documents\Ansagan\Ansagan\dataset\labels\val\belgi12_61.txt,640,640,128.63612548828124,77.34314905150296,1,True
val,C:\Users\Ansagan\Documents\Ansagan\Ansagan\dataset\images\val\belgi12_7.jpg,C:\Users\Ansagan\Documents\Ansagan\Ansagan\dataset\labels\val\belgi12_7.txt,640,640,123.69328125,75.43091093825916,1,True
val,C:\Users\Ansagan\Documents\Ansagan\Ansagan\dataset\images\val\belgi12_74.jpg,C:\Users\Ansagan\Documents\Ansagan\Ansagan\dataset\labels\val\belgi12_74.txt,640,640,123.47593017578124,76.53991941721367,1,True
val,C:\Users\Ansagan\Documents\Ansagan\Ansagan\dataset\images\val\belgi12_75.jpg,C:\Users\Ansagan\Documents\Ansagan\Ansagan\dataset\labels\val\belgi12_75.txt,640,640,131.29646484375,76.45638292799599,1,True
val,C:\Users\Ansagan\Documents\Ansagan\Ansagan\dataset\images\val\belgi12_78.jpg,C:\Users\Ansagan\Documents\Ansagan\Ansagan\dataset\labels\val\belgi12_78.txt,640,640,120.7326220703125,75.85244943450797,1,True
val,C:\Users\Ansagan\Documents\Ansagan\Ansagan\dataset\images\val\belgi12_81.jpg,C:\Users\Ansagan\Documents\Ansagan\Ansagan\dataset\labels\val\belgi12_81.txt,640,640,119.364755859375,74.48923121125833,1,True
val,C:\Users\Ansagan\Documents\Ansagan\Ansagan\dataset\images\val\belgi12_85.jpg,C:\Users\Ansagan\Documents\Ansagan\Ansagan\dataset\labels\val\belgi12_85.txt,640,640,135.63573974609375,74.49000698181615,1,True
val,C:\Users\Ansagan\Documents\Ansagan\Ansagan\dataset\images\val\belgi12_91.jpg,C:\Users\Ansagan\Documents\Ansagan\Ansagan\dataset\labels\val\belgi12_91.txt,640,640,111.39188232421876,76.41329159795309,1,True
val,C:\Users\Ansagan\Documents\Ansagan\Ansagan\dataset\images\val\belgi12_97.jpg,C:\Users\Ansagan\Documents\Ansagan\Ansagan\dataset\labels\val\belgi12_97.txt,640,640,124.8818212890625,74.2258147861462,1,True
val,C:\Users\Ansagan\Documents\Ansagan\Ansagan\dataset\images\val\belgi12_98.jpg,C:\Users\Ansagan\Documents\Ansagan\Ansagan\dataset\labels\val\belgi12_98.txt,640,640,124.7644677734375,74.3347340329535,1,True
val,C:\Users\Ansagan\Documents\Ansagan\Ansagan\dataset\images\val\belgi13_102.jpg,C:\Users\Ansagan\Documents\Ansagan\Ansagan\dataset\labels\val\belgi13_102.txt,640,640,129.0548779296875,77.3433210918331,1,True
val,C:\Users\Ansagan\Documents\Ansagan\Ansagan\dataset\images\val\belgi13_103.jpg,C:\Users\Ansagan\Documents\Ansagan\Ansagan\dataset\labels\val\belgi13_103.txt,640,640,128.88462158203126,77.50096304737049,1,True
val,C:\Users\Ansagan\Documents\Ansagan\Ansagan\dataset\images\val\belgi13_105.jpg,C:\Users\Ansagan\Documents\Ansagan\Ansagan\dataset\labels\val\belgi13_105.txt,640,640,125.94531494140625,77.34353844840658,1,True
val,C:\Users\Ansagan\Documents\Ansagan\Ansagan\dataset\images\val\belgi13_106.jpg,C:\Users\Ansagan\Documents\Ansagan\Ansagan\dataset\labels\val\belgi13_106.txt,640,640,116.74536865234376,77.1376859709884,1,True
val,C:\Users\Ansagan\Documents\Ansagan\Ansagan\dataset\images\val\belgi13_113.jpg,C:\Users\Ansagan\Documents\Ansagan\Ansagan\dataset\labels\val\belgi13_113.txt,640,640,115.6193603515625,79.5571893245586,1,True
val,C:\Users\Ansagan\Documents\Ansagan\Ansagan\dataset\images\val\belgi13_137.jpg,C:\Users\Ansagan\Documents\Ansagan\Ansagan\dataset\labels\val\belgi13_137.txt,640,640,133.49121826171876,76.0045746145204,1,True
val,C:\Users\Ansagan\Documents\Ansagan\Ansagan\dataset\images\val\belgi13_139.jpg,C:\Users\Ansagan\Documents\Ansagan\Ansagan\dataset\labels\val\belgi13_139.txt,640,640,133.2548291015625,76.1174667135396,1,True
val,C:\Users\Ansagan\Documents\Ansagan\Ansagan\dataset\images\val\belgi13_142.jpg,C:\Users\Ansagan\Documents\Ansagan\Ansagan\dataset\labels\val\belgi13_142.txt,640,640,136.60037841796876,78.65546311158688,1,True
val,C:\Users\Ansagan\Documents\Ansagan\Ansagan\dataset\images\val\belgi13_145.jpg,C:\Users\Ansagan\Documents\Ansagan\Ansagan\dataset\labels\val\belgi13_145.txt,640,640,118.399716796875,78.65588421720341,1,True
val,C:\Users\Ansagan\Documents\Ansagan\Ansagan\dataset\images\val\belgi13_148.jpg,C:\Users\Ansagan\Documents\Ansagan\Ansagan\dataset\labels\val\belgi13_148.txt,640,640,127.02130859375,73.64551997474173,1,True
val,C:\Users\Ansagan\Documents\Ansagan\Ansagan\dataset\images\val\belgi13_15.jpg,C:\Users\Ansagan\Documents\Ansagan\Ansagan\dataset\labels\val\belgi13_15.txt,640,640,128.32401611328126,80.08947018037502,1,True
val,C:\Users\Ansagan\Documents\Ansagan\Ansagan\dataset\images\val\belgi13_151.jpg,C:\Users\Ansagan\Documents\Ansagan\Ansagan\dataset\labels\val\belgi13_151.txt,640,640,126.237236328125,70.49724550787822,1,True
val,C:\Users\Ansagan\Documents\Ansagan\Ansagan\dataset\images\val\belgi13_158.jpg,C:\Users\Ansagan\Documents\Ansagan\Ansagan\dataset\labels\val\belgi13_158.txt,640,640,124.2008935546875,77.20646084286759,1,True
val,C:\Users\Ansagan\Documents\Ansagan\Ansagan\dataset\images\val\belgi13_168.jpg,C:\Users\Ansagan\Documents\Ansagan\Ansagan\dataset\labels\val\belgi13_168.txt,640,640,117.44237060546875,78.47488843190388,1,True
val,C:\Users\Ansagan\Documents\Ansagan\Ansagan\dataset\images\val\belgi13_171.jpg,C:\Users\Ansagan\Documents\Ansagan\Ansagan\dataset\labels\val\belgi13_171.txt,640,640,120.39197021484375,74.49243905289916,1,True
val,C:\Users\Ansagan\Documents\Ansagan\Ansagan\dataset\images\val\belgi13_173.jpg,C:\Users\Ansagan\Documents\Ansagan\Ansagan\dataset\labels\val\belgi13_173.txt,640,640,120.2211083984375,74.63562449063711,1,True
val,C:\Users\Ansagan\Documents\Ansagan\Ansagan\dataset\images\val\belgi13_176.jpg,C:\Users\Ansagan\Documents\Ansagan\Ansagan\dataset\labels\val\belgi13_176.txt,640,640,118.3775,74.9287412364658,1,True
val,C:\Users\Ansagan\Documents\Ansagan\Ansagan\dataset\images\val\belgi13_18.jpg,C:\Users\Ansagan\Documents\Ansagan\Ansagan\dataset\labels\val\belgi13_18.txt,640,640,124.63468017578126,80.8590821306306,1,True
val,C:\Users\Ansagan\Documents\Ansagan\Ansagan\dataset\images\val\belgi13_180.jpg,C:\Users\Ansagan\Documents\Ansagan\Ansagan\dataset\labels\val\belgi13_180.txt,640,640,136.62234375,74.9287647234585,1,True
val,C:\Users\Ansagan\Documents\Ansagan\Ansagan\dataset\images\val\belgi13_184.jpg,C:\Users\Ansagan\Documents\Ansagan\Ansagan\dataset\labels\val\belgi13_184.txt,640,640,124.924541015625,74.74441927121835,1,True
val,C:\Users\Ansagan\Documents\Ansagan\Ansagan\dataset\images\val\belgi13_191.jpg,C:\Users\Ansagan\Documents\Ansagan\Ansagan\dataset\labels\val\belgi13_191.txt,640,640,125.92016845703125,83.18303543541175,1,True
val,C:\Users\Ansagan\Documents\Ansagan\Ansagan\dataset\images\val\belgi13_193.jpg,C:\Users\Ansagan\Documents\Ansagan\Ansagan\dataset\labels\val\belgi13_193.txt,640,640,125.7608154296875,83.32057934919244,1,True
val,C:\Users\Ansagan\Documents\Ansagan\Ansagan\dataset\images\val\belgi13_194.jpg,C:\Users\Ansagan\Documents\Ansagan\Ansagan\dataset\labels\val\belgi13_194.txt,640,640,125.65255859375,83.29323209005811,1,True
val,C:\Users\Ansagan\Documents\Ansagan\Ansagan\dataset\images\val\belgi13_2.jpg,C:\Users\Ansagan\Documents\Ansagan\Ansagan\dataset\labels\val\belgi13_2.txt,640,640,123.66718017578125,78.27771165286539,1,True
val,C:\Users\Ansagan\Documents\Ansagan\Ansagan\dataset\images\val\belgi13_205.jpg,C:\Users\Ansagan\Documents\Ansagan\Ansagan\dataset\labels\val\belgi13_205.txt,640,640,136.003828125,79.31076073000449,1,True
val,C:\Users\Ansagan\Documents\Ansagan\Ansagan\dataset\images\val\belgi13_217.jpg,C:\Users\Ansagan\Documents\Ansagan\Ansagan\dataset\labels\val\belgi13_217.txt,640,640,129.60002197265624,78.36608620624533,1,True
val,C:\Users\Ansagan\Documents\Ansagan\Ansagan\dataset\images\val\belgi13_218.jpg,C:\Users\Ansagan\Documents\Ansagan\Ansagan\dataset\labels\val\belgi13_218.txt,640,640,129.44114990234374,78.5180013853436,1,True
val,C:\Users\Ansagan\Documents\Ansagan\Ansagan\dataset\images\val\belgi13_228.jpg,C:\Users\Ansagan\Documents\Ansagan\Ansagan\dataset\labels\val\belgi13_228.txt,640,640,112.14603759765625,80.76631437527755,1,True
val,C:\Users\Ansagan\Documents\Ansagan\Ansagan\dataset\images\val\belgi13_23.jpg,C:\Users\Ansagan\Documents\Ansagan\Ansagan\dataset\labels\val\belgi13_23.txt,640,640,120.6588525390625,79.7978310977315,1,True
val,C:\Users\Ansagan\Documents\Ansagan\Ansagan\dataset\images\val\belgi13_232.jpg,C:\Users\Ansagan\Documents\Ansagan\Ansagan\dataset\labels\val\belgi13_232.txt,640,640,116.76287109375,83.98739032586384,1,True
val,C:\Users\Ansagan\Documents\Ansagan\Ansagan\dataset\images\val\belgi13_236.jpg,C:\Users\Ansagan\Documents\Ansagan\Ansagan\dataset\labels\val\belgi13_236.txt,640,640,118.502705078125,83.47805956195572,1,True
val,C:\Users\Ansagan\Documents\Ansagan\Ansagan\dataset\images\val\belgi13_242.jpg,C:\Users\Ansagan\Documents\Ansagan\Ansagan\dataset\labels\val\belgi13_242.txt,640,640,111.5734130859375,77.87430782052978,1,True
val,C:\Users\Ansagan\Documents\Ansagan\Ansagan\dataset\images\val\belgi13_243.jpg,C:\Users\Ansagan\Documents\Ansagan\Ansagan\dataset\labels\val\belgi13_243.txt,640,640,111.47126953125,77.9729061376601,1,True
val,C:\Users\Ansagan\Documents\Ansagan\Ansagan\dataset\images\val\belgi13_246.jpg,C:\Users\Ansagan\Documents\Ansagan\Ansagan\dataset\labels\val\belgi13_246.txt,640,640,119.92316162109375,71.99339088904877,1,True
val,C:\Users\Ansagan\Documents\Ansagan\Ansagan\dataset\images\val\belgi13_249.jpg,C:\Users\Ansagan\Documents\Ansagan\Ansagan\dataset\labels\val\belgi13_249.txt,640,640,119.75284912109375,72.11865242281569,1,True
val,C:\Users\Ansagan\Documents\Ansagan\Ansagan\dataset\images\val\belgi13_26.jpg,C:\Users\Ansagan\Documents\Ansagan\Ansagan\dataset\labels\val\belgi13_26.txt,640,640,123.06831787109375,76.81152065430734,1,True
val,C:\Users\Ansagan\Documents\Ansagan\Ansagan\dataset\images\val\belgi13_28.jpg,C:\Users\Ansagan\Documents\Ansagan\Ansagan\dataset\labels\val\belgi13_28.txt,640,640,122.901376953125,76.95647121568912,1,True
val,C:\Users\Ansagan\Documents\Ansagan\Ansagan\dataset\images\val\belgi13_31.jpg,C:\Users\Ansagan\Documents\Ansagan\Ansagan\dataset\labels\val\belgi13_31.txt,640,640,128.63822998046874,74.37506035903434,1,True
val,C:\Users\Ansagan\Documents\Ansagan\Ansagan\dataset\images\val\belgi13_39.jpg,C:\Users\Ansagan\Documents\Ansagan\Ansagan\dataset\labels\val\belgi13_39.txt,640,640,131.9956689453125,74.18970027402577,1,True
val,C:\Users\Ansagan\Documents\Ansagan\Ansagan\dataset\images\val\belgi13_46.jpg,C:\Users\Ansagan\Documents\Ansagan\Ansagan\dataset\labels\val\belgi13_46.txt,640,640,125.9117626953125,79.81722704848441,1,True
val,C:\Users\Ansagan\Documents\Ansagan\Ansagan\dataset\images\val\belgi13_47.jpg,C:\Users\Ansagan\Documents\Ansagan\Ansagan\dataset\labels\val\belgi13_47.txt,640,640,125.91146728515625,79.81762379149181,1,True
val,C:\Users\Ansagan\Documents\Ansagan\Ansagan\dataset\images\val\belgi13_48.jpg,C:\Users\Ansagan\Documents\Ansagan\Ansagan\dataset\labels\val\belgi13_48.txt,640,640,125.74244384765625,79.96154483638594,1,True
val,C:\Users\Ansagan\Documents\Ansagan\Ansagan\dataset\images\val\belgi13_53.jpg,C:\Users\Ansagan\Documents\Ansagan\Ansagan\dataset\labels\val\belgi13_53.txt,640,640,120.74979736328125,80.85029410788798,1,True
val,C:\Users\Ansagan\Documents\Ansagan\Ansagan\dataset\images\val\belgi13_56.jpg,C:\Users\Ansagan\Documents\Ansagan\Ansagan\dataset\labels\val\belgi13_56.txt,640,640,124.79541015625,79.82954606062742,1,True
val,C:\Users\Ansagan\Documents\Ansagan\Ansagan\dataset\images\val\belgi13_57.jpg,C:\Users\Ansagan\Documents\Ansagan\Ansagan\dataset\labels\val\belgi13_57.txt,640,640,124.79524169921875,79.82977275111894,1,True
val,C:\Users\Ansagan\Documents\Ansagan\Ansagan\dataset\images\val\belgi13_59.jpg,C:\Users\Ansagan\Documents\Ansagan\Ansagan\dataset\labels\val\belgi13_59.txt,640,640,124.56884521484375,79.90798218439573,1,True
val,C:\Users\Ansagan\Documents\Ansagan\Ansagan\dataset\images\val\belgi13_61.jpg,C:\Users\Ansagan\Documents\Ansagan\Ansagan\dataset\labels\val\belgi13_61.txt,640,640,117.13576171875,79.43328950661466,1,True
val,C:\Users\Ansagan\Documents\Ansagan\Ansagan\dataset\images\val\belgi13_70.jpg,C:\Users\Ansagan\Documents\Ansagan\Ansagan\dataset\labels\val\belgi13_70.txt,640,640,126.5576416015625,76.46722626128273,1,True
val,C:\Users\Ansagan\Documents\Ansagan\Ansagan\dataset\images\val\belgi13_71.jpg,C:\Users\Ansagan\Documents\Ansagan\Ansagan\dataset\labels\val\belgi13_71.txt,640,640,129.80613525390626,74.65653308048091,1,True
val,C:\Users\Ansagan\Documents\Ansagan\Ansagan\dataset\images\val\belgi13_76.jpg,C:\Users\Ansagan\Documents\Ansagan\Ansagan\dataset\labels\val\belgi13_76.txt,640,640,133.1553857421875,69.18292100219624,1,True
val,C:\Users\Ansagan\Documents\Ansagan\Ansagan\dataset\images\val\belgi13_81.jpg,C:\Users\Ansagan\Documents\Ansagan\Ansagan\dataset\labels\val\belgi13_81.txt,640,640,127.939345703125,75.28094345206384,1,True
val,C:\Users\Ansagan\Documents\Ansagan\Ansagan\dataset\images\val\belgi13_90.jpg,C:\Users\Ansagan\Documents\Ansagan\Ansagan\dataset\labels\val\belgi13_90.txt,640,640,134.98609619140626,79.72979881993746,1,True
val,C:\Users\Ansagan\Documents\Ansagan\Ansagan\dataset\images\val\belgi13_92.jpg,C:\Users\Ansagan\Documents\Ansagan\Ansagan\dataset\labels\val\belgi13_92.txt,640,640,118.5083251953125,80.7491032447528,1,True
val,C:\Users\Ansagan\Documents\Ansagan\Ansagan\dataset\images\val\belgi14_100.jpg,C:\Users\Ansagan\Documents\Ansagan\Ansagan\dataset\labels\val\belgi14_100.txt,640,640,123.9791259765625,71.46485132169097,1,True
val,C:\Users\Ansagan\Documents\Ansagan\Ansagan\dataset\images\val\belgi14_104.jpg,C:\Users\Ansagan\Documents\Ansagan\Ansagan\dataset\labels\val\belgi14_104.txt,640,640,128.79728271484376,75.68608620130803,1,True
val,C:\Users\Ansagan\Documents\Ansagan\Ansagan\dataset\images\val\belgi14_112.jpg,C:\Users\Ansagan\Documents\Ansagan\Ansagan\dataset\labels\val\belgi14_112.txt,640,640,122.8395458984375,79.12689744953421,1,True
val,C:\Users\Ansagan\Documents\Ansagan\Ansagan\dataset\images\val\belgi14_114.jpg,C:\Users\Ansagan\Documents\Ansagan\Ansagan\dataset\labels\val\belgi14_114.txt,640,640,122.62203125,79.20000882219979,1,True
val,C:\Users\Ansagan\Documents\Ansagan\Ansagan\dataset\images\val\belgi14_115.jpg,C:\Users\Ansagan\Documents\Ansagan\Ansagan\dataset\labels\val\belgi14_115.txt,640,640,132.16048583984374,79.12692038705754,1,True
val,C:\Users\Ansagan\Documents\Ansagan\Ansagan\dataset\images\val\belgi14_12.jpg,C:\Users\Ansagan\Documents\Ansagan\Ansagan\dataset\labels\val\belgi14_12.txt,640,640,112.26926513671874,74.80987747137569,1,True
val,C:\Users\Ansagan\Documents\Ansagan\Ansagan\dataset\images\val\belgi14_123.jpg,C:\Users\Ansagan\Documents\Ansagan\Ansagan\dataset\labels\val\belgi14_123.txt,640,640,124.39392578125,75.95960804219686,1,True
val,C:\Users\Ansagan\Documents\Ansagan\Ansagan\dataset\images\val\belgi14_127.jpg,C:\Users\Ansagan\Documents\Ansagan\Ansagan\dataset\labels\val\belgi14_127.txt,640,640,131.25914794921874,72.10332384589196,1,True
val,C:\Users\Ansagan\Documents\Ansagan\Ansagan\dataset\images\val\belgi14_14.jpg,C:\Users\Ansagan\Documents\Ansagan\Ansagan\dataset\labels\val\belgi14_14.txt,640,640,112.05087158203125,74.86324953102063,1,True
val,C:\Users\Ansagan\Documents\Ansagan\Ansagan\dataset\images\val\belgi14_142.jpg,C:\Users\Ansagan\Documents\Ansagan\Ansagan\dataset\labels\val\belgi14_142.txt,640,640,121.429306640625,73.41638571140302,1,True
val,C:\Users\Ansagan\Documents\Ansagan\Ansagan\dataset\images\val\belgi14_148.jpg,C:\Users\Ansagan\Documents\Ansagan\Ansagan\dataset\labels\val\belgi14_148.txt,640,640,126.13556884765624,69.24294436426051,1,True
val,C:\Users\Ansagan\Documents\Ansagan\Ansagan\dataset\images\val\belgi14_149.jpg,C:\Users\Ansagan\Documents\Ansagan\Ansagan\dataset\labels\val\belgi14_149.txt,640,640,126.08228515625,69.1851668083665,1,True
val,C:\Users\Ansagan\Documents\Ansagan\Ansagan\dataset\images\val\belgi14_151.jpg,C:\Users\Ansagan\Documents\Ansagan\Ansagan\dataset\labels\val\belgi14_151.txt,640,640,127.99410400390624,64.66308141851896,1,True
val,C:\Users\Ansagan\Documents\Ansagan\Ansagan\dataset\images\val\belgi14_153.jpg,C:\Users\Ansagan\Documents\Ansagan\Ansagan\dataset\labels\val\belgi14_153.txt,640,640,127.84576416015625,64.83845021924145,1,True
val,C:\Users\Ansagan\Documents\Ansagan\Ansagan\dataset\images\val\belgi14_154.jpg,C:\Users\Ansagan\Documents\Ansagan\Ansagan\dataset\labels\val\belgi14_154.txt,640,640,127.79107421875,64.78088113753493,1,True
val,C:\Users\Ansagan\Documents\Ansagan\Ansagan\dataset\images\val\belgi14_155.jpg,C:\Users\Ansagan\Documents\Ansagan\Ansagan\dataset\labels\val\belgi14_155.txt,640,640,127.005322265625,64.66273005524069,1,True
val,C:\Users\Ansagan\Documents\Ansagan\Ansagan\dataset\images\val\belgi14_157.jpg,C:\Users\Ansagan\Documents\Ansagan\Ansagan\dataset\labels\val\belgi14_157.txt,640,640,127.45467041015625,79.87790396541445,1,True
val,C:\Users\Ansagan\Documents\Ansagan\Ansagan\dataset\images\val\belgi14_158.jpg,C:\Users\Ansagan\Documents\Ansagan\Ansagan\dataset\labels\val\belgi14_158.txt,640,640,127.298154296875,80.02121536021677,1,True
val,C:\Users\Ansagan\Documents\Ansagan\Ansagan\dataset\images\val\belgi14_161.jpg,C:\Users\Ansagan\Documents\Ansagan\Ansagan\dataset\labels\val\belgi14_161.txt,640,640,122.97418212890625,73.75833761755685,1,True
val,C:\Users\Ansagan\Documents\Ansagan\Ansagan\dataset\images\val\belgi14_168.jpg,C:\Users\Ansagan\Documents\Ansagan\Ansagan\dataset\labels\val\belgi14_168.txt,640,640,121.01935302734375,74.94311797365171,1,True
val,C:\Users\Ansagan\Documents\Ansagan\Ansagan\dataset\images\val\belgi14_17.jpg,C:\Users\Ansagan\Documents\Ansagan\Ansagan\dataset\labels\val\belgi14_17.txt,640,640,127.05537841796875,75.62316986504767,1,True
val,C:\Users\Ansagan\Documents\Ansagan\Ansagan\dataset\images\val\belgi14_174.jpg,C:\Users\Ansagan\Documents\Ansagan\Ansagan\dataset\labels\val\belgi14_174.txt,640,640,126.34960693359375,73.72210290099115,1,True
val,C:\Users\Ansagan\Documents\Ansagan\Ansagan\dataset\images\val\belgi14_189.jpg,C:\Users\Ansagan\Documents\Ansagan\Ansagan\dataset\labels\val\belgi14_189.txt,640,640,126.141318359375,73.6563873554896,1,True
val,C:\Users\Ansagan\Documents\Ansagan\Ansagan\dataset\images\val\belgi14_191.jpg,C:\Users\Ansagan\Documents\Ansagan\Ansagan\dataset\labels\val\belgi14_191.txt,640,640,124.50824462890625,73.06168112240742,1,True
val,C:\Users\Ansagan\Documents\Ansagan\Ansagan\dataset\images\val\belgi14_194.jpg,C:\Users\Ansagan\Documents\Ansagan\Ansagan\dataset\labels\val\belgi14_194.txt,640,640,124.29104248046875,73.15109072365031,1,True
val,C:\Users\Ansagan\Documents\Ansagan\Ansagan\dataset\images\val\belgi14_200.jpg,C:\Users\Ansagan\Documents\Ansagan\Ansagan\dataset\labels\val\belgi14_200.txt,640,640,135.1511181640625,76.3846083884185,1,True
val,C:\Users\Ansagan\Documents\Ansagan\Ansagan\dataset\images\val\belgi14_201.jpg,C:\Users\Ansagan\Documents\Ansagan\Ansagan\dataset\labels\val\belgi14_201.txt,640,640,115.58377197265625,78.98731423086264,1,True
val,C:\Users\Ansagan\Documents\Ansagan\Ansagan\dataset\images\val\belgi14_204.jpg,C:\Users\Ansagan\Documents\Ansagan\Ansagan\dataset\labels\val\belgi14_204.txt,640,640,115.362607421875,79.04681415691337,1,True
val,C:\Users\Ansagan\Documents\Ansagan\Ansagan\dataset\images\val\belgi14_207.jpg,C:\Users\Ansagan\Documents\Ansagan\Ansagan\dataset\labels\val\belgi14_207.txt,640,640,125.0386474609375,77.191185169663,1,True
val,C:\Users\Ansagan\Documents\Ansagan\Ansagan\dataset\images\val\belgi14_211.jpg,C:\Users\Ansagan\Documents\Ansagan\Ansagan\dataset\labels\val\belgi14_211.txt,640,640,124.7098974609375,75.9490733573303,1,True
val,C:\Users\Ansagan\Documents\Ansagan\Ansagan\dataset\images\val\belgi14_216.jpg,C:\Users\Ansagan\Documents\Ansagan\Ansagan\dataset\labels\val\belgi14_216.txt,640,640,122.9710595703125,76.76570503220924,1,True
val,C:\Users\Ansagan\Documents\Ansagan\Ansagan\dataset\images\val\belgi14_219.jpg,C:\Users\Ansagan\Documents\Ansagan\Ansagan\dataset\labels\val\belgi14_219.txt,640,640,122.73618408203124,76.84027660466195,1,True
val,C:\Users\Ansagan\Documents\Ansagan\Ansagan\dataset\images\val\belgi14_226.jpg,C:\Users\Ansagan\Documents\Ansagan\Ansagan\dataset\labels\val\belgi14_226.txt,640,640,124.3824169921875,79.09516224056483,1,True
val,C:\Users\Ansagan\Documents\Ansagan\Ansagan\dataset\images\val\belgi14_227.jpg,C:\Users\Ansagan\Documents\Ansagan\Ansagan\dataset\labels\val\belgi14_227.txt,640,640,124.382841796875,79.09484691882076,1,True
val,C:\Users\Ansagan\Documents\Ansagan\Ansagan\dataset\images\val\belgi14_232.jpg,C:\Users\Ansagan\Documents\Ansagan\Ansagan\dataset\labels\val\belgi14_232.txt,640,640,128.09450927734375,75.90376180262388,1,True
val,C:\Users\Ansagan\Documents\Ansagan\Ansagan\dataset\images\val\belgi14_235.jpg,C:\Users\Ansagan\Documents\Ansagan\Ansagan\dataset\labels\val\belgi14_235.txt,640,640,126.90520263671876,75.90384191890261,1,True
val,C:\Users\Ansagan\Documents\Ansagan\Ansagan\dataset\images\val\belgi14_241.jpg,C:\Users\Ansagan\Documents\Ansagan\Ansagan\dataset\labels\val\belgi14_241.txt,640,640,137.039501953125,72.95675859810778,1,True
val,C:\Users\Ansagan\Documents\Ansagan\Ansagan\dataset\images\val\belgi14_243.jpg,C:\Users\Ansagan\Documents\Ansagan\Ansagan\dataset\labels\val\belgi14_243.txt,640,640,136.8572314453125,73.14269102208567,1,True
val,C:\Users\Ansagan\Documents\Ansagan\Ansagan\dataset\images\val\belgi14_245.jpg,C:\Users\Ansagan\Documents\Ansagan\Ansagan\dataset\labels\val\belgi14_245.txt,640,640,117.96051025390625,72.95693433935305,1,True
val,C:\Users\Ansagan\Documents\Ansagan\Ansagan\dataset\images\val\belgi14_247.jpg,C:\Users\Ansagan\Documents\Ansagan\Ansagan\dataset\labels\val\belgi14_247.txt,640,640,136.05602783203125,74.83056406577174,1,True
val,C:\Users\Ansagan\Documents\Ansagan\Ansagan\dataset\images\val\belgi14_29.jpg,C:\Users\Ansagan\Documents\Ansagan\Ansagan\dataset\labels\val\belgi14_29.txt,640,640,139.01896728515624,74.38995388079378,1,True
val,C:\Users\Ansagan\Documents\Ansagan\Ansagan\dataset\images\val\belgi14_31.jpg,C:\Users\Ansagan\Documents\Ansagan\Ansagan\dataset\labels\val\belgi14_31.txt,640,640,132.15018798828126,74.45757853098019,1,True
val,C:\Users\Ansagan\Documents\Ansagan\Ansagan\dataset\images\val\belgi14_4.jpg,C:\Users\Ansagan\Documents\Ansagan\Ansagan\dataset\labels\val\belgi14_4.txt,640,640,119.9739404296875,75.46778544673703,1,True
val,C:\Users\Ansagan\Documents\Ansagan\Ansagan\dataset\images\val\belgi14_42.jpg,C:\Users\Ansagan\Documents\Ansagan\Ansagan\dataset\labels\val\belgi14_42.txt,640,640,112.4125390625,80.23700550701558,1,True
val,C:\Users\Ansagan\Documents\Ansagan\Ansagan\dataset\images\val\belgi14_54.jpg,C:\Users\Ansagan\Documents\Ansagan\Ansagan\dataset\labels\val\belgi14_54.txt,640,640,112.74341064453125,79.69307792541883,1,True
val,C:\Users\Ansagan\Documents\Ansagan\Ansagan\dataset\images\val\belgi14_58.jpg,C:\Users\Ansagan\Documents\Ansagan\Ansagan\dataset\labels\val\belgi14_58.txt,640,640,122.4165869140625,69.98279518109189,1,True
val,C:\Users\Ansagan\Documents\Ansagan\Ansagan\dataset\images\val\belgi14_59.jpg,C:\Users\Ansagan\Documents\Ansagan\Ansagan\dataset\labels\val\belgi14_59.txt,640,640,122.35637939453125,69.94367759298234,1,True
val,C:\Users\Ansagan\Documents\Ansagan\Ansagan\dataset\images\val\belgi14_64.jpg,C:\Users\Ansagan\Documents\Ansagan\Ansagan\dataset\labels\val\belgi14_64.txt,640,640,107.4463134765625,81.58867437166724,1,True
val,C:\Users\Ansagan\Documents\Ansagan\Ansagan\dataset\images\val\belgi14_70.jpg,C:\Users\Ansagan\Documents\Ansagan\Ansagan\dataset\labels\val\belgi14_70.txt,640,640,143.9835498046875,77.6956343658269,1,True
